date,price,opening,max,min,volume,delta_percent
25.02.2025,65.49,65.49,65.49,65.49,,-3.35
24.02.2025,67.76,67.76,67.76,67.76,,-0.44
21.02.2025,68.06,68.06,68.06,68.06,,-2.34
20.02.2025,69.69,69.69,69.69,69.69,,0.14
19.02.2025,69.59,69.59,69.59,69.59,,1.28
18.02.2025,68.71,68.71,68.71,68.71,,1.36
17.02.2025,67.79,67.79,67.79,67.79,,0.12
14.02.2025,67.71,67.71,67.71,67.71,,-1.54
13.02.2025,68.77,68.77,68.77,68.77,,-1.77
12.02.2025,70.01,70.01,70.01,70.01,,-0.86
11.02.2025,70.62,70.62,70.62,70.62,,3.40
10.02.2025,68.30,68.30,68.30,68.30,,0.22
07.02.2025,68.15,68.15,68.15,68.15,,-0.25
06.02.2025,68.32,68.32,68.32,68.32,,-0.31
05.02.2025,68.53,68.53,68.53,68.53,,-2.17
04.02.2025,70.05,70.05,70.05,70.05,,2.25
03.02.2025,68.51,68.51,68.51,68.51,,-2.30
31.01.2025,70.12,70.12,70.12,70.12,,-0.40
30.01.2025,70.40,70.40,70.40,70.40,,-0.09
29.01.2025,70.46,70.46,70.46,70.46,,0.57
28.01.2025,70.06,70.06,70.06,70.06,,-0.14
27.01.2025,70.16,70.16,70.16,70.16,,-1.56
24.01.2025,71.27,71.27,71.27,71.27,,-0.22
23.01.2025,71.43,71.43,71.43,71.43,,-1.68
22.01.2025,72.65,72.65,72.65,72.65,,-0.71
21.01.2025,73.17,73.17,73.17,73.17,,-1.40
20.01.2025,74.21,74.21,74.21,74.21,,-3.52
17.01.2025,76.92,76.92,76.92,76.92,,0.83
16.01.2025,76.29,76.29,76.29,76.29,,-1.41
15.01.2025,77.38,77.38,77.38,77.38,,1.43
14.01.2025,76.29,76.29,76.29,76.29,,-0.43
13.01.2025,76.62,76.62,76.62,76.62,,3.99
10.01.2025,73.68,73.68,73.68,73.68,,1.85
09.01.2025,72.34,72.34,72.34,72.34,,1.50
08.01.2025,71.27,71.27,71.27,71.27,,-0.68
07.01.2025,71.76,71.76,71.76,71.76,,0.83
06.01.2025,71.17,71.17,71.17,71.17,,0.78
03.01.2025,70.62,70.62,70.62,70.62,,0.83
02.01.2025,70.04,70.04,70.04,70.04,,2.23
31.12.2024,68.51,68.51,68.51,68.51,,0.50
30.12.2024,68.17,68.17,68.17,68.17,,0.69
27.12.2024,67.70,67.70,67.70,67.70,,0.40
24.12.2024,67.43,67.43,67.43,67.43,,2.09
23.12.2024,66.05,66.05,66.05,66.05,,-1.59
20.12.2024,67.12,67.12,67.12,67.12,,-0.83
19.12.2024,67.68,67.68,67.68,67.68,,-1.20
18.12.2024,68.50,68.50,68.50,68.50,,2.10
17.12.2024,67.09,67.09,67.09,67.09,,-0.73
16.12.2024,67.58,67.58,67.58,67.58,,-1.07
13.12.2024,68.31,68.31,68.31,68.31,,2.06
12.12.2024,66.93,66.93,66.93,66.93,,-1.27
11.12.2024,67.79,67.79,67.79,67.79,,1.30
10.12.2024,66.92,66.92,66.92,66.92,,-0.12
09.12.2024,67.00,67.00,67.00,67.00,,1.22
06.12.2024,66.19,66.19,66.19,66.19,,-1.50
05.12.2024,67.20,67.20,67.20,67.20,,-1.16
04.12.2024,67.99,67.99,67.99,67.99,,-0.18
03.12.2024,68.11,68.11,68.11,68.11,,3.07
02.12.2024,66.08,66.08,66.08,66.08,,-2.06
29.11.2024,67.47,67.47,67.47,67.47,,0.33
28.11.2024,67.25,67.25,67.25,67.25,,0.09
27.11.2024,67.19,67.19,67.19,67.19,,-0.96
26.11.2024,67.84,67.84,67.84,67.84,,0.46
25.11.2024,67.53,67.53,67.53,67.53,,-2.67
22.11.2024,69.38,69.38,69.38,69.38,,1.37
21.11.2024,68.44,68.44,68.44,68.44,,1.12
20.11.2024,67.68,67.68,67.68,67.68,,-0.13
19.11.2024,67.77,67.77,67.77,67.77,,-0.04
18.11.2024,67.80,67.80,67.80,67.80,,1.36
15.11.2024,66.89,66.89,66.89,66.89,,0.07
14.11.2024,66.84,66.84,66.84,66.84,,0.80
13.11.2024,66.31,66.31,66.31,66.31,,0.45
12.11.2024,66.01,66.01,66.01,66.01,,0.50
11.11.2024,65.68,65.68,65.68,65.68,,-2.74
08.11.2024,67.53,67.53,67.53,67.53,,-2.48
07.11.2024,69.25,69.25,69.25,69.25,,-1.13
06.11.2024,70.04,70.04,70.04,70.04,,-0.65
05.11.2024,70.50,70.50,70.50,70.50,,2.99
04.11.2024,68.45,68.45,68.45,68.45,,2.06
01.11.2024,67.07,67.07,67.07,67.07,,0.55
31.10.2024,66.70,66.70,66.70,66.70,,0.06
30.10.2024,66.66,66.66,66.66,66.66,,3.22
29.10.2024,64.58,64.58,64.58,64.58,,-0.81
28.10.2024,65.11,65.11,65.11,65.11,,-5.56
25.10.2024,68.94,68.94,68.94,68.94,,2.01
24.10.2024,67.58,67.58,67.58,67.58,,-0.31
23.10.2024,67.79,67.79,67.79,67.79,,-1.75
22.10.2024,69.00,69.00,69.00,69.00,,3.45
21.10.2024,66.70,66.70,66.70,66.70,,0.82
18.10.2024,66.16,66.16,66.16,66.16,,-2.09
17.10.2024,67.57,67.57,67.57,67.57,,1.12
16.10.2024,66.82,66.82,66.82,66.82,,0.01
15.10.2024,66.81,66.81,66.81,66.81,,-6.69
14.10.2024,71.60,71.60,71.60,71.60,,-2.45
11.10.2024,73.40,73.40,73.40,73.40,,0.99
10.10.2024,72.68,72.68,72.68,72.68,,3.40
09.10.2024,70.29,70.29,70.29,70.29,,-1.44
08.10.2024,71.32,71.32,71.32,71.32,,-5.82
07.10.2024,75.73,75.73,75.73,75.73,,3.32
04.10.2024,73.30,73.30,73.30,73.30,,2.43
03.10.2024,71.56,71.56,71.56,71.56,,3.94
02.10.2024,68.85,68.85,68.85,68.85,,-0.61
01.10.2024,69.27,69.27,69.27,69.27,,4.26
30.09.2024,66.44,66.44,66.44,66.44,,1.10
27.09.2024,65.72,65.72,65.72,65.72,,-2.13
26.09.2024,67.15,67.15,67.15,67.15,,-3.37
25.09.2024,69.49,69.49,69.49,69.49,,0.40
24.09.2024,69.21,69.21,69.21,69.21,,0.49
23.09.2024,68.87,68.87,68.87,68.87,,-1.45
20.09.2024,69.88,69.88,69.88,69.88,,0.04
19.09.2024,69.85,69.85,69.85,69.85,,2.06
18.09.2024,68.44,68.44,68.44,68.44,,-0.04
17.09.2024,68.47,68.47,68.47,68.47,,0.90
16.09.2024,67.86,67.86,67.86,67.86,,0.37
13.09.2024,67.61,67.61,67.61,67.61,,-0.18
12.09.2024,67.73,67.73,67.73,67.73,,5.45
11.09.2024,64.23,64.23,64.23,64.23,,-0.05
10.09.2024,64.26,64.26,64.26,64.26,,-3.06
09.09.2024,66.29,66.29,66.29,66.29,,-15.91
06.09.2024,78.83,78.83,78.83,78.83,,14.35
05.09.2024,68.94,68.94,68.94,68.94,,-0.29
04.09.2024,69.14,69.14,69.14,69.14,,-2.52
03.09.2024,70.93,70.93,70.93,70.93,,-1.07
02.09.2024,71.70,71.70,71.70,71.70,,-3.21
30.08.2024,74.08,74.08,74.08,74.08,,-1.79
29.08.2024,75.43,75.43,75.43,75.43,,2.08
28.08.2024,73.89,73.89,73.89,73.89,,-1.99
27.08.2024,75.39,75.39,75.39,75.39,,1.60
23.08.2024,74.20,74.20,74.20,74.20,,2.09
22.08.2024,72.68,72.68,72.68,72.68,,0.04
21.08.2024,72.65,72.65,72.65,72.65,,-0.11
20.08.2024,72.73,72.73,72.73,72.73,,-2.99
19.08.2024,74.97,74.97,74.97,74.97,,-0.62
16.08.2024,75.44,75.44,75.44,75.44,,-1.99
15.08.2024,76.97,76.97,76.97,76.97,,1.24
14.08.2024,76.03,76.03,76.03,76.03,,-0.47
13.08.2024,76.39,76.39,76.39,76.39,,-0.71
12.08.2024,76.94,76.94,76.94,76.94,,2.66
09.08.2024,74.95,74.95,74.95,74.95,,0.42
08.08.2024,74.64,74.64,74.64,74.64,,3.47
07.08.2024,72.14,72.14,72.14,72.14,,2.33
06.08.2024,70.50,70.50,70.50,70.50,,-1.26
05.08.2024,71.40,71.40,71.40,71.40,,-1.15
02.08.2024,72.23,72.23,72.23,72.23,,-4.01
01.08.2024,75.25,75.25,75.25,75.25,,-0.03
31.07.2024,75.27,75.27,75.27,75.27,,2.91
30.07.2024,73.14,73.14,73.14,73.14,,-2.56
29.07.2024,75.06,75.06,75.06,75.06,,-0.54
26.07.2024,75.47,75.47,75.47,75.47,,-1.60
25.07.2024,76.70,76.70,76.70,76.70,,-0.56
24.07.2024,77.13,77.13,77.13,77.13,,1.03
23.07.2024,76.34,76.34,76.34,76.34,,-1.57
22.07.2024,77.56,77.56,77.56,77.56,,-2.19
19.07.2024,79.30,79.30,79.30,79.30,,-1.34
18.07.2024,80.38,80.38,80.38,80.38,,0.64
17.07.2024,79.87,79.87,79.87,79.87,,-1.05
16.07.2024,80.72,80.72,80.72,80.72,,0.22
15.07.2024,80.54,80.54,80.54,80.54,,-1.14
12.07.2024,81.47,81.47,81.47,81.47,,2.50
11.07.2024,79.48,79.48,79.48,79.48,,-0.13
10.07.2024,79.58,79.58,79.58,79.58,,0.06
09.07.2024,79.53,79.53,79.53,79.53,,-0.85
08.07.2024,80.21,80.21,80.21,80.21,,-1.88
05.07.2024,81.75,81.75,81.75,81.75,,0.43
04.07.2024,81.40,81.40,81.40,81.40,,0.11
03.07.2024,81.31,81.31,81.31,81.31,,-0.04
02.07.2024,81.34,81.34,81.34,81.34,,2.15
01.07.2024,79.63,79.63,79.63,79.63,,-0.86
28.06.2024,80.32,80.32,80.32,80.32,,0.34
27.06.2024,80.05,80.05,80.05,80.05,,1.56
26.06.2024,78.82,78.82,78.82,78.82,,-1.31
25.06.2024,79.87,79.87,79.87,79.87,,0.08
24.06.2024,79.81,79.81,79.81,79.81,,0.42
21.06.2024,79.48,79.48,79.48,79.48,,0.63
20.06.2024,78.98,78.98,78.98,78.98,,0.36
19.06.2024,78.70,78.70,78.70,78.70,,1.09
18.06.2024,77.85,77.85,77.85,77.85,,3.10
17.06.2024,75.51,75.51,75.51,75.51,,2.65
14.06.2024,73.56,73.56,73.56,73.56,,0.07
13.06.2024,73.51,73.51,73.51,73.51,,1.27
12.06.2024,72.59,72.59,72.59,72.59,,0.46
11.06.2024,72.26,72.26,72.26,72.26,,0.78
10.06.2024,71.70,71.70,71.70,71.70,,2.09
07.06.2024,70.23,70.23,70.23,70.23,,0.72
06.06.2024,69.73,69.73,69.73,69.73,,3.27
05.06.2024,67.52,67.52,67.52,67.52,,0.12
04.06.2024,67.44,67.44,67.44,67.44,,-1.58
03.06.2024,68.52,68.52,68.52,68.52,,-4.14
31.05.2024,71.48,71.48,71.48,71.48,,-2.74
30.05.2024,73.49,73.49,73.49,73.49,,-0.12
29.05.2024,73.58,73.58,73.58,73.58,,0.78
28.05.2024,73.01,73.01,73.01,73.01,,3.63
24.05.2024,70.45,70.45,70.45,70.45,,-0.47
23.05.2024,70.78,70.78,70.78,70.78,,-0.91
22.05.2024,71.43,71.43,71.43,71.43,,-1.81
21.05.2024,72.75,72.75,72.75,72.75,,-0.90
20.05.2024,73.41,73.41,73.41,73.41,,-0.11
17.05.2024,73.49,73.49,73.49,73.49,,0.81
16.05.2024,72.90,72.90,72.90,72.90,,2.34
15.05.2024,71.23,71.23,71.23,71.23,,-1.41
14.05.2024,72.25,72.25,72.25,72.25,,-2.97
13.05.2024,74.46,74.46,74.46,74.46,,-0.28
10.05.2024,74.67,74.67,74.67,74.67,,0.12
09.05.2024,74.58,74.58,74.58,74.58,,1.14
08.05.2024,73.74,73.74,73.74,73.74,,-0.34
07.05.2024,73.99,73.99,73.99,73.99,,-2.79
02.05.2024,76.11,76.11,76.11,76.11,,1.67
01.05.2024,74.86,74.86,74.86,74.86,,-5.87
30.04.2024,79.53,79.53,79.53,79.53,,-0.28
29.04.2024,79.75,79.75,79.75,79.75,,-1.88
26.04.2024,81.28,81.28,81.28,81.28,,2.33
25.04.2024,79.43,79.43,79.43,79.43,,-1.13
24.04.2024,80.34,80.34,80.34,80.34,,0.88
23.04.2024,79.64,79.64,79.64,79.64,,1.28
22.04.2024,78.63,78.63,78.63,78.63,,-0.83
19.04.2024,79.29,79.29,79.29,79.29,,-0.56
18.04.2024,79.74,79.74,79.74,79.74,,-1.48
17.04.2024,80.94,80.94,80.94,80.94,,-2.12
16.04.2024,82.69,82.69,82.69,82.69,,0.67
15.04.2024,82.14,82.14,82.14,82.14,,-2.69
12.04.2024,84.41,84.41,84.41,84.41,,2.01
11.04.2024,82.75,82.75,82.75,82.75,,-0.10
10.04.2024,82.83,82.83,82.83,82.83,,-0.67
09.04.2024,83.39,83.39,83.39,83.39,,0.48
08.04.2024,82.99,82.99,82.99,82.99,,-1.28
05.04.2024,84.07,84.07,84.07,84.07,,3.05
04.04.2024,81.58,81.58,81.58,81.58,,-0.32
03.04.2024,81.84,81.84,81.84,81.84,,3.74
02.04.2024,78.89,78.89,78.89,78.89,,1.89
28.03.2024,77.43,77.43,77.43,77.43,,1.61
27.03.2024,76.20,76.20,76.20,76.20,,-1.26
26.03.2024,77.17,77.17,77.17,77.17,,-0.31
25.03.2024,77.41,77.41,77.41,77.41,,1.72
22.03.2024,76.10,76.10,76.10,76.10,,-0.07
21.03.2024,76.15,76.15,76.15,76.15,,-1.10
20.03.2024,77.00,77.00,77.00,77.00,,-2.02
19.03.2024,78.59,78.59,78.59,78.59,,1.15
18.03.2024,77.70,77.70,77.70,77.70,,1.41
15.03.2024,76.62,76.62,76.62,76.62,,-0.99
14.03.2024,77.39,77.39,77.39,77.39,,2.94
13.03.2024,75.18,75.18,75.18,75.18,,0.35
12.03.2024,74.92,74.92,74.92,74.92,,0.29
11.03.2024,74.70,74.70,74.70,74.70,,-1.09
08.03.2024,75.52,75.52,75.52,75.52,,-0.81
07.03.2024,76.14,76.14,76.14,76.14,,-2.21
06.03.2024,77.86,77.86,77.86,77.86,,1.01
05.03.2024,77.08,77.08,77.08,77.08,,-0.96
04.03.2024,77.83,77.83,77.83,77.83,,4.00
01.03.2024,74.84,74.84,74.84,74.84,,0.34
29.02.2024,74.59,74.59,74.59,74.59,,0.67
28.02.2024,74.09,74.09,74.09,74.09,,0.37
27.02.2024,73.82,73.82,73.82,73.82,,-0.61
26.02.2024,74.27,74.27,74.27,74.27,,-0.23
23.02.2024,74.44,74.44,74.44,74.44,,-2.25
22.02.2024,76.15,76.15,76.15,76.15,,1.44
21.02.2024,75.07,75.07,75.07,75.07,,-0.01
20.02.2024,75.08,75.08,75.08,75.08,,-0.98
19.02.2024,75.82,75.82,75.82,75.82,,0.85
16.02.2024,75.18,75.18,75.18,75.18,,0.71
15.02.2024,74.65,74.65,74.65,74.65,,1.41
14.02.2024,73.61,73.61,73.61,73.61,,-0.43
13.02.2024,73.93,73.93,73.93,73.93,,1.23
12.02.2024,73.03,73.03,73.03,73.03,,0.34
09.02.2024,72.78,72.78,72.78,72.78,,0.79
08.02.2024,72.21,72.21,72.21,72.21,,2.60
07.02.2024,70.38,70.38,70.38,70.38,,1.03
06.02.2024,69.66,69.66,69.66,69.66,,1.65
05.02.2024,68.53,68.53,68.53,68.53,,-0.35
02.02.2024,68.77,68.77,68.77,68.77,,-3.72
01.02.2024,71.43,71.43,71.43,71.43,,-1.08
31.01.2024,72.21,72.21,72.21,72.21,,-1.61
30.01.2024,73.39,73.39,73.39,73.39,,0.18
29.01.2024,73.26,73.26,73.26,73.26,,0.90
26.01.2024,72.61,72.61,72.61,72.61,,1.37
25.01.2024,71.63,71.63,71.63,71.63,,0.15
24.01.2024,71.52,71.52,71.52,71.52,,0.06
23.01.2024,71.48,71.48,71.48,71.48,,12.21
22.01.2024,63.70,63.70,63.70,63.70,,1.58
19.01.2024,62.71,62.71,62.71,62.71,,-0.52
18.01.2024,63.04,63.04,63.04,63.04,,3.53
17.01.2024,60.89,60.89,60.89,60.89,,-2.03
16.01.2024,62.15,62.15,62.15,62.15,,0.63
15.01.2024,61.76,61.76,61.76,61.76,,-0.19
12.01.2024,61.88,61.88,61.88,61.88,,-0.48
11.01.2024,62.18,62.18,62.18,62.18,,2.83
10.01.2024,60.47,60.47,60.47,60.47,,0.83
09.01.2024,59.97,59.97,59.97,59.97,,4.35
08.01.2024,57.47,57.47,57.47,57.47,,-4.71
05.01.2024,60.31,60.31,60.31,60.31,,4.38
04.01.2024,57.78,57.78,57.78,57.78,,-2.37
03.01.2024,59.18,59.18,59.18,59.18,,1.63
02.01.2024,58.23,58.23,58.23,58.23,,-2.46
29.12.2023,59.70,59.70,59.70,59.70,,-2.20
28.12.2023,61.04,61.04,61.04,61.04,,-3.06
27.12.2023,62.97,62.97,62.97,62.97,,1.19
22.12.2023,62.23,62.23,62.23,62.23,,-0.73
21.12.2023,62.69,62.69,62.69,62.69,,-0.68
20.12.2023,63.12,63.12,63.12,63.12,,2.10
19.12.2023,61.82,61.82,61.82,61.82,,1.53
18.12.2023,60.89,60.89,60.89,60.89,,3.48
15.12.2023,58.84,58.84,58.84,58.84,,-0.36
14.12.2023,59.05,59.05,59.05,59.05,,5.18
13.12.2023,56.14,56.14,56.14,56.14,,0.05
12.12.2023,56.11,56.11,56.11,56.11,,-2.84
11.12.2023,57.75,57.75,57.75,57.75,,-0.41
08.12.2023,57.99,57.99,57.99,57.99,,2.67
07.12.2023,56.48,56.48,56.48,56.48,,-0.46
06.12.2023,56.74,56.74,56.74,56.74,,-5.97
05.12.2023,60.34,60.34,60.34,60.34,,-0.23
04.12.2023,60.48,60.48,60.48,60.48,,-4.14
01.12.2023,63.09,63.09,63.09,63.09,,-2.34
30.11.2023,64.60,64.60,64.60,64.60,,0.76
29.11.2023,64.11,64.11,64.11,64.11,,0.28
28.11.2023,63.93,63.93,63.93,63.93,,3.21
27.11.2023,61.94,61.94,61.94,61.94,,-2.69
24.11.2023,63.65,63.65,63.65,63.65,,1.71
23.11.2023,62.58,62.58,62.58,62.58,,2.41
22.11.2023,61.11,61.11,61.11,61.11,,-4.17
21.11.2023,63.77,63.77,63.77,63.77,,-5.68
20.11.2023,67.61,67.61,67.61,67.61,,5.07
17.11.2023,64.35,64.35,64.35,64.35,,1.98
16.11.2023,63.10,63.10,63.10,63.10,,-7.01
15.11.2023,67.86,67.86,67.86,67.86,,-3.24
14.11.2023,70.13,70.13,70.13,70.13,,1.64
13.11.2023,69.00,69.00,69.00,69.00,,-0.81
10.11.2023,69.56,69.56,69.56,69.56,,1.61
09.11.2023,68.46,68.46,68.46,68.46,,0.07
08.11.2023,68.41,68.41,68.41,68.41,,-2.91
07.11.2023,70.46,70.46,70.46,70.46,,-4.84
06.11.2023,74.04,74.04,74.04,74.04,,0.33
03.11.2023,73.80,73.80,73.80,73.80,,-0.89
02.11.2023,74.46,74.46,74.46,74.46,,0.24
01.11.2023,74.28,74.28,74.28,74.28,,-2.01
31.10.2023,75.80,75.80,75.80,75.80,,1.96
30.10.2023,74.34,74.34,74.34,74.34,,-0.63
27.10.2023,74.81,74.81,74.81,74.81,,-0.52
26.10.2023,75.20,75.20,75.20,75.20,,1.03
25.10.2023,74.43,74.43,74.43,74.43,,1.00
24.10.2023,73.69,73.69,73.69,73.69,,-7.24
23.10.2023,79.44,79.44,79.44,79.44,,-1.85
20.10.2023,80.94,80.94,80.94,80.94,,3.60
19.10.2023,78.13,78.13,78.13,78.13,,0.54
18.10.2023,77.71,77.71,77.71,77.71,,1.52
17.10.2023,76.55,76.55,76.55,76.55,,-1.42
16.10.2023,77.65,77.65,77.65,77.65,,-1.71
13.10.2023,79.00,79.00,79.00,79.00,,5.28
12.10.2023,75.04,75.04,75.04,75.04,,2.49
11.10.2023,73.22,73.22,73.22,73.22,,-4.28
10.10.2023,76.49,76.49,76.49,76.49,,-0.77
09.10.2023,77.08,77.08,77.08,77.08,,4.63
06.10.2023,73.67,73.67,73.67,73.67,,-1.42
05.10.2023,74.73,74.73,74.73,74.73,,-3.95
04.10.2023,77.80,77.80,77.80,77.80,,-3.45
03.10.2023,80.58,80.58,80.58,80.58,,4.41
02.10.2023,77.18,77.18,77.18,77.18,,-5.90
29.09.2023,82.02,82.02,82.02,82.02,,-1.57
28.09.2023,83.33,83.33,83.33,83.33,,-0.22
27.09.2023,83.51,83.51,83.51,83.51,,6.83
26.09.2023,78.17,78.17,78.17,78.17,,0.59
25.09.2023,77.71,77.71,77.71,77.71,,-0.87
22.09.2023,78.39,78.39,78.39,78.39,,-0.25
21.09.2023,78.59,78.59,78.59,78.59,,-2.84
20.09.2023,80.89,80.89,80.89,80.89,,0.00
19.09.2023,80.89,80.89,80.89,80.89,,0.82
18.09.2023,80.23,80.23,80.23,80.23,,1.20
15.09.2023,79.28,79.28,79.28,79.28,,0.76
14.09.2023,78.68,78.68,78.68,78.68,,1.96
13.09.2023,77.17,77.17,77.17,77.17,,-0.72
12.09.2023,77.73,77.73,77.73,77.73,,2.55
11.09.2023,75.80,75.80,75.80,75.80,,-0.32
08.09.2023,76.04,76.04,76.04,76.04,,0.52
07.09.2023,75.65,75.65,75.65,75.65,,0.49
06.09.2023,75.28,75.28,75.28,75.28,,-0.73
05.09.2023,75.83,75.83,75.83,75.83,,2.06
04.09.2023,74.30,74.30,74.30,74.30,,1.42
01.09.2023,73.26,73.26,73.26,73.26,,3.01
31.08.2023,71.12,71.12,71.12,71.12,,1.77
30.08.2023,69.88,69.88,69.88,69.88,,0.11
29.08.2023,69.80,69.80,69.80,69.80,,1.01
28.08.2023,69.10,69.10,69.10,69.10,,0.00
25.08.2023,69.10,69.10,69.10,69.10,,1.83
24.08.2023,67.86,67.86,67.86,67.86,,-0.18
23.08.2023,67.98,67.98,67.98,67.98,,-1.31
22.08.2023,68.88,68.88,68.88,68.88,,-1.80
21.08.2023,70.14,70.14,70.14,70.14,,0.86
18.08.2023,69.54,69.54,69.54,69.54,,-1.84
17.08.2023,70.84,70.84,70.84,70.84,,-0.13
16.08.2023,70.93,70.93,70.93,70.93,,-0.30
15.08.2023,71.14,71.14,71.14,71.14,,-2.05
14.08.2023,72.63,72.63,72.63,72.63,,-0.75
11.08.2023,73.18,73.18,73.18,73.18,,0.05
10.08.2023,73.14,73.14,73.14,73.14,,-0.80
09.08.2023,73.73,73.73,73.73,73.73,,2.69
08.08.2023,71.80,71.80,71.80,71.80,,0.55
07.08.2023,71.41,71.41,71.41,71.41,,-0.90
04.08.2023,72.06,72.06,72.06,72.06,,1.77
03.08.2023,70.81,70.81,70.81,70.81,,2.56
02.08.2023,69.04,69.04,69.04,69.04,,-1.69
01.08.2023,70.23,70.23,70.23,70.23,,0.00
31.07.2023,70.23,70.23,70.23,70.23,,2.38
28.07.2023,68.60,68.60,68.60,68.60,,-0.65
27.07.2023,69.05,69.05,69.05,69.05,,0.38
26.07.2023,68.79,68.79,68.79,68.79,,1.46
25.07.2023,67.80,67.80,67.80,67.80,,0.58
24.07.2023,67.41,67.41,67.41,67.41,,3.04
21.07.2023,65.42,65.42,65.42,65.42,,1.76
20.07.2023,64.29,64.29,64.29,64.29,,-1.70
19.07.2023,65.40,65.40,65.40,65.40,,4.51
18.07.2023,62.58,62.58,62.58,62.58,,1.74
17.07.2023,61.51,61.51,61.51,61.51,,-2.75
14.07.2023,63.25,63.25,63.25,63.25,,-0.53
13.07.2023,63.59,63.59,63.59,63.59,,0.57
12.07.2023,63.23,63.23,63.23,63.23,,1.57
11.07.2023,62.25,62.25,62.25,62.25,,1.17
10.07.2023,61.53,61.53,61.53,61.53,,1.20
07.07.2023,60.80,60.80,60.80,60.80,,3.95
06.07.2023,58.49,58.49,58.49,58.49,,-1.91
05.07.2023,59.63,59.63,59.63,59.63,,0.76
04.07.2023,59.18,59.18,59.18,59.18,,0.97
03.07.2023,58.61,58.61,58.61,58.61,,1.98
30.06.2023,57.47,57.47,57.47,57.47,,2.37
29.06.2023,56.14,56.14,56.14,56.14,,-0.46
28.06.2023,56.40,56.40,56.40,56.40,,2.34
27.06.2023,55.11,55.11,55.11,55.11,,-1.13
26.06.2023,55.74,55.74,55.74,55.74,,0.70
23.06.2023,55.35,55.35,55.35,55.35,,-1.28
22.06.2023,56.07,56.07,56.07,56.07,,-4.58
21.06.2023,58.76,58.76,58.76,58.76,,3.18
20.06.2023,56.95,56.95,56.95,56.95,,-1.96
19.06.2023,58.09,58.09,58.09,58.09,,0.45
16.06.2023,57.83,57.83,57.83,57.83,,1.56
15.06.2023,56.94,56.94,56.94,56.94,,3.19
14.06.2023,55.18,55.18,55.18,55.18,,0.13
13.06.2023,55.11,55.11,55.11,55.11,,2.82
12.06.2023,53.60,53.60,53.60,53.60,,-6.13
09.06.2023,57.10,57.10,57.10,57.10,,-0.10
08.06.2023,57.16,57.16,57.16,57.16,,-1.79
07.06.2023,58.20,58.20,58.20,58.20,,1.52
06.06.2023,57.33,57.33,57.33,57.33,,-1.61
05.06.2023,58.27,58.27,58.27,58.27,,2.71
02.06.2023,56.73,56.73,56.73,56.73,,2.31
01.06.2023,55.45,55.45,55.45,55.45,,3.45
31.05.2023,53.60,53.60,53.60,53.60,,-2.72
30.05.2023,55.10,55.10,55.10,55.10,,-3.96
29.05.2023,57.37,57.37,57.37,57.37,,0.00
26.05.2023,57.37,57.37,57.37,57.37,,1.40
25.05.2023,56.58,56.58,56.58,56.58,,-3.68
24.05.2023,58.74,58.74,58.74,58.74,,1.35
23.05.2023,57.96,57.96,57.96,57.96,,2.08
22.05.2023,56.78,56.78,56.78,56.78,,0.53
19.05.2023,56.48,56.48,56.48,56.48,,-0.67
18.05.2023,56.86,56.86,56.86,56.86,,-0.46
17.05.2023,57.12,57.12,57.12,57.12,,1.69
16.05.2023,56.17,56.17,56.17,56.17,,-0.51
15.05.2023,56.46,56.46,56.46,56.46,,0.75
12.05.2023,56.04,56.04,56.04,56.04,,-1.72
11.05.2023,57.02,57.02,57.02,57.02,,-1.94
10.05.2023,58.15,58.15,58.15,58.15,,2.94
09.05.2023,56.49,56.49,56.49,56.49,,-3.49
08.05.2023,58.53,58.53,58.53,58.53,,3.45
05.05.2023,56.58,56.58,56.58,56.58,,4.68
04.05.2023,54.05,54.05,54.05,54.05,,0.95
03.05.2023,53.54,53.54,53.54,53.54,,-7.91
02.05.2023,58.14,58.14,58.14,58.14,,-6.53
01.05.2023,62.20,62.20,62.20,62.20,,0.00
28.04.2023,62.20,62.20,62.20,62.20,,4.03
27.04.2023,59.79,59.79,59.79,59.79,,-3.32
26.04.2023,61.84,61.84,61.84,61.84,,-0.45
25.04.2023,62.12,62.12,62.12,62.12,,-2.83
24.04.2023,63.93,63.93,63.93,63.93,,0.92
21.04.2023,63.35,63.35,63.35,63.35,,-0.08
20.04.2023,63.40,63.40,63.40,63.40,,-3.90
19.04.2023,65.97,65.97,65.97,65.97,,0.41
18.04.2023,65.70,65.70,65.70,65.70,,-0.14
17.04.2023,65.79,65.79,65.79,65.79,,-2.43
14.04.2023,67.43,67.43,67.43,67.43,,0.18
13.04.2023,67.31,67.31,67.31,67.31,,-1.19
12.04.2023,68.12,68.12,68.12,68.12,,2.17
11.04.2023,66.67,66.67,66.67,66.67,,0.53
07.04.2023,66.32,66.32,66.32,66.32,,0.00
06.04.2023,66.32,66.32,66.32,66.32,,1.25
05.04.2023,65.50,65.50,65.50,65.50,,1.90
04.04.2023,64.28,64.28,64.28,64.28,,-0.57
03.04.2023,64.65,64.65,64.65,64.65,,10.51
31.03.2023,58.50,58.50,58.50,58.50,,1.83
30.03.2023,57.45,57.45,57.45,57.45,,0.31
29.03.2023,57.27,57.27,57.27,57.27,,0.60
28.03.2023,56.93,56.93,56.93,56.93,,9.38
27.03.2023,52.05,52.05,52.05,52.05,,4.25
24.03.2023,49.93,49.93,49.93,49.93,,-5.18
23.03.2023,52.66,52.66,52.66,52.66,,-0.09
22.03.2023,52.71,52.71,52.71,52.71,,2.91
21.03.2023,51.22,51.22,51.22,51.22,,5.80
20.03.2023,48.41,48.41,48.41,48.41,,-0.94
17.03.2023,48.87,48.87,48.87,48.87,,-2.04
16.03.2023,49.89,49.89,49.89,49.89,,1.92
15.03.2023,48.95,48.95,48.95,48.95,,-12.23
14.03.2023,55.77,55.77,55.77,55.77,,-3.76
13.03.2023,57.95,57.95,57.95,57.95,,-2.11
10.03.2023,59.20,59.20,59.20,59.20,,-0.67
09.03.2023,59.60,59.60,59.60,59.60,,0.91
08.03.2023,59.06,59.06,59.06,59.06,,-2.94
07.03.2023,60.85,60.85,60.85,60.85,,-2.84
06.03.2023,62.63,62.63,62.63,62.63,,0.76
03.03.2023,62.16,62.16,62.16,62.16,,1.37
02.03.2023,61.32,61.32,61.32,61.32,,2.39
01.03.2023,59.89,59.89,59.89,59.89,,-0.63
28.02.2023,60.27,60.27,60.27,60.27,,11.12
27.02.2023,54.24,54.24,54.24,54.24,,-1.09
24.02.2023,54.84,54.84,54.84,54.84,,0.51
23.02.2023,54.56,54.56,54.56,54.56,,2.50
22.02.2023,53.23,53.23,53.23,53.23,,-3.52
21.02.2023,55.17,55.17,55.17,55.17,,-0.22
20.02.2023,55.29,55.29,55.29,55.29,,0.69
17.02.2023,54.91,54.91,54.91,54.91,,-3.85
16.02.2023,57.11,57.11,57.11,57.11,,1.80
15.02.2023,56.10,56.10,56.10,56.10,,-2.72
14.02.2023,57.67,57.67,57.67,57.67,,-1.40
13.02.2023,58.49,58.49,58.49,58.49,,0.10
10.02.2023,58.43,58.43,58.43,58.43,,4.28
09.02.2023,56.03,56.03,56.03,56.03,,-0.11
08.02.2023,56.09,56.09,56.09,56.09,,1.76
07.02.2023,55.12,55.12,55.12,55.12,,4.75
06.02.2023,52.62,52.62,52.62,52.62,,-1.86
03.02.2023,53.62,53.62,53.62,53.62,,0.11
02.02.2023,53.56,53.56,53.56,53.56,,-4.66
01.02.2023,56.18,56.18,56.18,56.18,,0.23
31.01.2023,56.05,56.05,56.05,56.05,,-2.71
30.01.2023,57.61,57.61,57.61,57.61,,-1.47
27.01.2023,58.47,58.47,58.47,58.47,,-1.60
26.01.2023,59.42,59.42,59.42,59.42,,1.85
25.01.2023,58.34,58.34,58.34,58.34,,-0.80
24.01.2023,58.81,58.81,58.81,58.81,,-4.03
23.01.2023,61.28,61.28,61.28,61.28,,3.43
20.01.2023,59.25,59.25,59.25,59.25,,3.10
19.01.2023,57.47,57.47,57.47,57.47,,-2.46
18.01.2023,58.92,58.92,58.92,58.92,,3.62
17.01.2023,56.86,56.86,56.86,56.86,,2.27
16.01.2023,55.60,55.60,55.60,55.60,,-0.98
13.01.2023,56.15,56.15,56.15,56.15,,0.48
12.01.2023,55.88,55.88,55.88,55.88,,4.59
11.01.2023,53.43,53.43,53.43,53.43,,4.64
10.01.2023,51.06,51.06,51.06,51.06,,-2.67
09.01.2023,52.46,52.46,52.46,52.46,,-0.21
06.01.2023,52.57,52.57,52.57,52.57,,0.55
05.01.2023,52.28,52.28,52.28,52.28,,3.46
04.01.2023,50.53,50.53,50.53,50.53,,-10.58
03.01.2023,56.51,56.51,56.51,56.51,,-4.19
02.01.2023,58.98,58.98,58.98,58.98,,4.80
30.12.2022,56.28,56.28,56.28,56.28,,0.97
29.12.2022,55.74,55.74,55.74,55.74,,-0.13
28.12.2022,55.81,55.81,55.81,55.81,,-2.07
27.12.2022,56.99,56.99,56.99,56.99,,0.00
26.12.2022,56.99,56.99,56.99,56.99,,0.00
23.12.2022,56.99,56.99,56.99,56.99,,2.17
22.12.2022,55.78,55.78,55.78,55.78,,2.40
21.12.2022,54.47,54.47,54.47,54.47,,1.53
20.12.2022,53.65,53.65,53.65,53.65,,-5.53
19.12.2022,56.79,56.79,56.79,56.79,,3.61
16.12.2022,54.81,54.81,54.81,54.81,,-4.33
15.12.2022,57.29,57.29,57.29,57.29,,-1.77
14.12.2022,58.32,58.32,58.32,58.32,,2.88
13.12.2022,56.69,56.69,56.69,56.69,,3.52
12.12.2022,54.76,54.76,54.76,54.76,,1.99
09.12.2022,53.69,53.69,53.69,53.69,,1.84
08.12.2022,52.72,52.72,52.72,52.72,,-3.99
07.12.2022,54.91,54.91,54.91,54.91,,-4.12
06.12.2022,57.27,57.27,57.27,57.27,,-7.54
05.12.2022,61.94,61.94,61.94,61.94,,-2.99
02.12.2022,63.85,63.85,63.85,63.85,,-8.06
01.12.2022,69.45,69.45,69.45,69.45,,4.37
30.11.2022,66.54,66.54,66.54,66.54,,3.32
29.11.2022,64.40,64.40,64.40,64.40,,0.00
28.11.2022,64.40,64.40,64.40,64.40,,-2.65
25.11.2022,66.15,66.15,66.15,66.15,,-1.52
24.11.2022,67.17,67.17,67.17,67.17,,0.24
23.11.2022,67.01,67.01,67.01,67.01,,-5.30
22.11.2022,70.76,70.76,70.76,70.76,,8.78
21.11.2022,65.05,65.05,65.05,65.05,,-7.23
18.11.2022,70.12,70.12,70.12,70.12,,-3.98
17.11.2022,73.03,73.03,73.03,73.03,,-0.15
16.11.2022,73.14,73.14,73.14,73.14,,-2.83
15.11.2022,75.27,75.27,75.27,75.27,,-1.72
14.11.2022,76.59,76.59,76.59,76.59,,-1.56
11.11.2022,77.80,77.80,77.80,77.80,,2.60
10.11.2022,75.83,75.83,75.83,75.83,,0.00
09.11.2022,75.83,75.83,75.83,75.83,,-5.65
08.11.2022,80.37,80.37,80.37,80.37,,-2.91
07.11.2022,82.78,82.78,82.78,82.78,,3.45
04.11.2022,80.02,80.02,80.02,80.02,,3.43
03.11.2022,77.37,77.37,77.37,77.37,,-1.31
02.11.2022,78.40,78.40,78.40,78.40,,2.18
01.11.2022,76.73,76.73,76.73,76.73,,2.25
31.10.2022,75.04,75.04,75.04,75.04,,-1.02
28.10.2022,75.81,75.81,75.81,75.81,,0.01
27.10.2022,75.80,75.80,75.80,75.80,,2.01
26.10.2022,74.31,74.31,74.31,74.31,,1.60
25.10.2022,73.14,73.14,73.14,73.14,,0.26
24.10.2022,72.95,72.95,72.95,72.95,,0.52
21.10.2022,72.57,72.57,72.57,72.57,,-2.16
20.10.2022,74.17,74.17,74.17,74.17,,4.33
19.10.2022,71.09,71.09,71.09,71.09,,1.67
18.10.2022,69.92,69.92,69.92,69.92,,-3.65
17.10.2022,72.57,72.57,72.57,72.57,,-2.51
14.10.2022,74.44,74.44,74.44,74.44,,-1.94
13.10.2022,75.91,75.91,75.91,75.91,,1.15
12.10.2022,75.05,75.05,75.05,75.05,,-1.90
11.10.2022,76.50,76.50,76.50,76.50,,-3.79
10.10.2022,79.51,79.51,79.51,79.51,,-0.69
07.10.2022,80.06,80.06,80.06,80.06,,4.10
06.10.2022,76.91,76.91,76.91,76.91,,1.26
05.10.2022,75.95,75.95,75.95,75.95,,0.85
04.10.2022,75.31,75.31,75.31,75.31,,5.17
03.10.2022,71.61,71.61,71.61,71.61,,1.72
30.09.2022,70.40,70.40,70.40,70.40,,-0.87
29.09.2022,71.02,71.02,71.02,71.02,,1.44
28.09.2022,70.01,70.01,70.01,70.01,,3.92
27.09.2022,67.37,67.37,67.37,67.37,,2.54
26.09.2022,65.70,65.70,65.70,65.70,,-1.04
23.09.2022,66.39,66.39,66.39,66.39,,-8.01
22.09.2022,72.17,72.17,72.17,72.17,,1.48
21.09.2022,71.12,71.12,71.12,71.12,,0.58
20.09.2022,70.71,70.71,70.71,70.71,,-1.53
19.09.2022,71.81,71.81,71.81,71.81,,0.00
16.09.2022,71.81,71.81,71.81,71.81,,1.79
15.09.2022,70.55,70.55,70.55,70.55,,-5.61
14.09.2022,74.74,74.74,74.74,74.74,,2.33
13.09.2022,73.04,73.04,73.04,73.04,,-3.10
12.09.2022,75.38,75.38,75.38,75.38,,4.72
09.09.2022,71.98,71.98,71.98,71.98,,3.15
07.09.2022,69.78,69.78,69.78,69.78,,-4.59
06.09.2022,73.14,73.14,73.14,73.14,,-3.75
05.09.2022,75.99,75.99,75.99,75.99,,0.26
02.09.2022,75.79,75.79,75.79,75.79,,2.39
01.09.2022,74.02,74.02,74.02,74.02,,-5.27
31.08.2022,78.14,78.14,78.14,78.14,,-4.06
30.08.2022,81.45,81.45,81.45,81.45,,0.84
29.08.2022,80.77,80.77,80.77,80.77,,0.00
26.08.2022,80.77,80.77,80.77,80.77,,-1.44
25.08.2022,81.95,81.95,81.95,81.95,,2.69
24.08.2022,79.80,79.80,79.80,79.80,,-0.47
23.08.2022,80.18,80.18,80.18,80.18,,7.12
22.08.2022,74.85,74.85,74.85,74.85,,-4.12
19.08.2022,78.07,0.00,0.00,0.00,,0.72
18.08.2022,77.51,77.51,77.51,77.51,,-0.53
17.08.2022,77.92,77.92,77.92,77.92,,16.16
16.08.2022,67.08,67.08,67.08,67.08,,-1.58
15.08.2022,68.16,68.16,68.16,68.16,,-8.53
12.08.2022,74.52,74.52,74.52,74.52,,-3.85
11.08.2022,77.50,77.50,77.50,77.50,,4.35
10.08.2022,74.27,74.27,74.27,74.27,,-2.02
09.08.2022,75.80,75.80,75.80,75.80,,1.85
08.08.2022,74.42,74.42,74.42,74.42,,3.10
05.08.2022,72.18,72.18,72.18,72.18,,4.79
04.08.2022,68.88,68.88,68.88,68.88,,-7.84
03.08.2022,74.74,74.74,74.74,74.74,,-3.44
02.08.2022,77.40,77.40,77.40,77.40,,1.12
01.08.2022,76.54,76.54,76.54,76.54,,-7.57
29.07.2022,82.81,82.81,82.81,82.81,,1.81
28.07.2022,81.34,81.34,81.34,81.34,,0.59
27.07.2022,80.86,80.86,80.86,80.86,,1.81
26.07.2022,79.42,79.42,79.42,79.42,,0.79
25.07.2022,78.80,78.80,78.80,78.80,,-1.24
22.07.2022,79.79,79.79,79.79,79.79,,-5.24
21.07.2022,84.20,84.20,84.20,84.20,,-2.69
20.07.2022,86.53,86.53,86.53,86.53,,2.61
19.07.2022,84.33,84.33,84.33,84.33,,-4.19
18.07.2022,88.02,88.02,88.02,88.02,,4.92
15.07.2022,83.89,83.89,83.89,83.89,,11.27
14.07.2022,75.39,75.39,75.39,75.39,,-3.52
13.07.2022,78.14,78.14,78.14,78.14,,-1.36
12.07.2022,79.22,79.22,79.22,79.22,,-6.96
11.07.2022,85.15,85.15,85.15,85.15,,0.33
08.07.2022,84.87,84.87,84.87,84.87,,-0.49
07.07.2022,85.29,85.29,85.29,85.29,,6.93
06.07.2022,79.76,79.76,79.76,79.76,,-2.11
05.07.2022,81.48,81.48,81.48,81.48,,-12.26
04.07.2022,92.87,92.87,92.87,92.87,,3.73
01.07.2022,89.53,89.53,89.53,89.53,,-1.60
30.06.2022,90.99,90.99,90.99,90.99,,-3.12
29.06.2022,93.92,93.92,93.92,93.92,,1.71
28.06.2022,92.34,92.34,92.34,92.34,,1.90
27.06.2022,90.62,90.62,90.62,90.62,,1.59
24.06.2022,89.20,89.20,89.20,89.20,,2.85
23.06.2022,86.73,86.73,86.73,86.73,,1.06
22.06.2022,85.82,85.82,85.82,85.82,,-4.25
21.06.2022,89.63,89.63,89.63,89.63,,0.81
20.06.2022,88.91,88.91,88.91,88.91,,-2.67
17.06.2022,91.35,91.35,91.35,91.35,,-3.66
16.06.2022,94.82,94.82,94.82,94.82,,-3.48
15.06.2022,98.24,98.24,98.24,98.24,,-3.45
14.06.2022,101.75,101.75,101.75,101.75,,3.82
13.06.2022,98.01,98.01,98.01,98.01,,0.22
10.06.2022,97.79,97.79,97.79,97.79,,-2.41
09.06.2022,100.20,100.20,100.20,100.20,,0.98
08.06.2022,99.23,99.23,99.23,99.23,,1.74
07.06.2022,97.53,97.53,97.53,97.53,,1.66
06.06.2022,95.94,95.94,95.94,95.94,,-0.82
03.06.2022,96.73,96.73,96.73,96.73,,0.24
02.06.2022,96.50,94.53,94.53,94.53,,2.08
01.06.2022,94.53,94.53,94.53,94.53,,-3.57
31.05.2022,98.03,98.03,98.03,98.03,,5.60
30.05.2022,92.83,92.83,92.83,92.83,,2.29
27.05.2022,90.75,90.75,90.75,90.75,,0.04
26.05.2022,90.71,90.71,90.71,90.71,,4.11
25.05.2022,87.13,87.13,87.13,87.13,,0.33
24.05.2022,86.84,86.84,86.84,86.84,,0.82
23.05.2022,86.13,86.13,86.13,86.13,,1.99
20.05.2022,84.45,84.45,84.45,84.45,,2.71
19.05.2022,82.22,82.22,82.22,82.22,,0.75
18.05.2022,81.61,81.61,81.61,81.61,,-5.93
17.05.2022,86.75,86.75,86.75,86.75,,3.11
16.05.2022,84.13,84.13,84.13,84.13,,2.20
13.05.2022,82.32,82.32,82.32,82.32,,3.31
12.05.2022,79.68,79.68,79.68,79.68,,1.23
11.05.2022,78.71,78.71,78.71,78.71,,4.61
10.05.2022,75.24,75.24,75.24,75.24,,-3.64
09.05.2022,78.08,78.08,78.08,78.08,,-8.90
06.05.2022,85.71,85.71,85.71,85.71,,2.63
05.05.2022,83.51,83.51,83.51,83.51,,4.47
04.05.2022,79.94,79.94,79.94,79.94,,3.83
03.05.2022,76.99,76.99,76.99,76.99,,-3.05
02.05.2022,79.41,79.41,79.41,79.41,,0.00
29.04.2022,79.41,79.41,79.41,79.41,,4.93
28.04.2022,75.68,75.68,75.68,75.68,,3.13
27.04.2022,73.38,73.38,73.38,73.38,,0.51
26.04.2022,73.01,73.01,73.01,73.01,,7.51
25.04.2022,67.91,67.91,67.91,67.91,,-11.11
22.04.2022,76.40,76.40,76.40,76.40,,-2.06
21.04.2022,78.01,78.01,78.01,78.01,,2.27
20.04.2022,76.28,76.28,76.28,76.28,,-0.43
19.04.2022,76.61,76.61,76.61,76.61,,-1.97
18.04.2022,78.15,78.15,78.15,78.15,,0.00
15.04.2022,78.15,78.15,78.15,78.15,,0.00
14.04.2022,78.15,78.15,78.15,78.15,,0.79
13.04.2022,77.54,77.54,77.54,77.54,,1.83
12.04.2022,76.15,76.15,76.15,76.15,,9.52
11.04.2022,69.53,69.53,69.53,69.53,,-1.92
08.04.2022,70.89,70.89,70.89,70.89,,1.56
07.04.2022,69.80,69.80,69.80,69.80,,-6.98
06.04.2022,75.04,75.04,75.04,75.04,,-3.88
05.04.2022,78.07,78.07,78.07,78.07,,-2.07
04.04.2022,79.72,79.72,79.72,79.72,,-2.58
01.04.2022,81.83,81.83,81.83,81.83,,-1.30
31.03.2022,82.91,82.91,82.91,82.91,,-8.34
30.03.2022,90.45,90.45,90.45,90.45,,4.06
29.03.2022,86.92,86.92,86.92,86.92,,-3.68
28.03.2022,90.24,90.24,90.24,90.24,,-7.74
25.03.2022,97.81,97.81,97.81,97.81,,-2.08
24.03.2022,99.89,99.89,99.89,99.89,,-1.89
23.03.2022,101.81,101.81,101.81,101.81,,6.60
22.03.2022,95.51,95.51,95.51,95.51,,0.22
21.03.2022,95.30,95.30,95.30,95.30,,7.76
18.03.2022,88.44,88.44,88.44,88.44,,0.76
17.03.2022,87.77,87.77,87.77,87.77,,8.67
16.03.2022,80.77,80.77,80.77,80.77,,-1.62
15.03.2022,82.10,82.10,82.10,82.10,,-3.45
14.03.2022,85.03,85.03,85.03,85.03,,-7.30
11.03.2022,91.73,91.73,91.73,91.73,,-2.13
10.03.2022,93.73,93.73,93.73,93.73,,-8.00
09.03.2022,101.88,101.88,101.88,101.88,,-8.22
08.03.2022,111.01,111.01,111.01,111.01,,5.49
07.03.2022,105.23,105.23,105.23,105.23,,11.35
04.03.2022,94.50,94.50,94.50,94.50,,-4.32
03.03.2022,98.77,98.77,98.77,98.77,,-3.07
02.03.2022,101.90,101.90,101.90,101.90,,3.67
01.03.2022,98.29,98.29,98.29,98.29,,4.25
28.02.2022,94.28,94.28,94.28,94.28,,2.65
25.02.2022,91.85,91.85,91.85,91.85,,-3.31
24.02.2022,94.99,94.99,94.99,94.99,,0.00
23.02.2022,94.99,94.99,94.99,94.99,,0.59
22.02.2022,94.43,94.43,94.43,94.43,,-1.17
21.02.2022,95.55,95.55,95.55,95.55,,2.99
18.02.2022,92.78,92.78,92.78,92.78,,0.98
17.02.2022,91.88,91.88,91.88,91.88,,-4.12
16.02.2022,95.83,95.83,95.83,95.83,,0.30
15.02.2022,95.54,95.54,95.54,95.54,,-2.10
14.02.2022,97.59,97.59,97.59,97.59,,4.14
11.02.2022,93.71,93.71,93.71,93.71,,-1.71
10.02.2022,95.34,95.34,95.34,95.34,,0.88
09.02.2022,94.51,94.51,94.51,94.51,,-0.06
08.02.2022,94.57,94.57,94.57,94.57,,-2.40
07.02.2022,96.90,96.90,96.90,96.90,,0.66
04.02.2022,96.26,96.26,96.26,96.26,,5.94
03.02.2022,90.86,90.86,90.86,90.86,,1.35
02.02.2022,89.65,89.65,89.65,89.65,,-0.91
01.02.2022,90.47,90.47,90.47,90.47,,-1.71
31.01.2022,92.04,92.04,92.04,92.04,,-0.80
28.01.2022,92.78,92.78,92.78,92.78,,1.51
27.01.2022,91.40,91.40,91.40,91.40,,-0.36
26.01.2022,91.73,91.73,91.73,91.73,,3.54
25.01.2022,88.59,88.59,88.59,88.59,,1.85
24.01.2022,86.98,86.98,86.98,86.98,,-2.36
21.01.2022,89.08,89.08,89.08,89.08,,-1.12
20.01.2022,90.09,90.09,90.09,90.09,,0.54
19.01.2022,89.61,89.61,89.61,89.61,,1.97
18.01.2022,87.88,87.88,87.88,87.88,,0.85
17.01.2022,87.14,87.14,87.14,87.14,,2.29
14.01.2022,85.19,85.19,85.19,85.19,,0.83
13.01.2022,84.49,84.49,84.49,84.49,,-0.09
12.01.2022,84.57,84.57,84.57,84.57,,1.72
11.01.2022,83.14,83.14,83.14,83.14,,3.20
10.01.2022,80.56,80.56,80.56,80.56,,-0.58
07.01.2022,81.03,81.03,81.03,81.03,,0.17
06.01.2022,80.89,80.89,80.89,80.89,,1.66
05.01.2022,79.57,79.57,79.57,79.57,,2.51
04.01.2022,77.62,77.62,77.62,77.62,,1.32
03.01.2022,76.61,76.61,76.61,76.61,,-0.25
31.12.2021,76.80,76.80,76.80,76.80,,-0.08
30.12.2021,76.86,76.86,76.86,76.86,,0.85
29.12.2021,76.21,76.21,76.21,76.21,,3.74
28.12.2021,73.46,73.46,73.46,73.46,,0.00
27.12.2021,73.46,73.46,73.46,73.46,,0.00
24.12.2021,73.46,73.46,73.46,73.46,,-0.81
23.12.2021,74.06,74.06,74.06,74.06,,2.28
22.12.2021,72.41,72.41,72.41,72.41,,2.26
21.12.2021,70.81,70.81,70.81,70.81,,5.25
20.12.2021,67.28,67.28,67.28,67.28,,-6.05
17.12.2021,71.61,71.61,71.61,71.61,,-2.40
16.12.2021,73.37,73.37,73.37,73.37,,3.00
15.12.2021,71.23,71.23,71.23,71.23,,-1.00
14.12.2021,71.95,71.95,71.95,71.95,,-1.40
13.12.2021,72.97,72.97,72.97,72.97,,0.08
10.12.2021,72.91,72.91,72.91,72.91,,-0.87
09.12.2021,73.55,73.55,73.55,73.55,,-1.17
08.12.2021,74.42,74.42,74.42,74.42,,-0.12
07.12.2021,74.51,74.51,74.51,74.51,,5.46
06.12.2021,70.65,70.65,70.65,70.65,,0.24
03.12.2021,70.48,70.48,70.48,70.48,,2.19
02.12.2021,68.97,68.97,68.97,68.97,,-2.24
01.12.2021,70.55,70.55,70.55,70.55,,1.75
30.11.2021,69.34,69.34,69.34,69.34,,-5.47
29.11.2021,73.35,73.35,73.35,73.35,,2.44
26.11.2021,71.60,71.60,71.60,71.60,,-11.00
25.11.2021,80.45,80.45,80.45,80.45,,-1.13
24.11.2021,81.37,81.37,81.37,81.37,,-0.17
23.11.2021,81.51,81.51,81.51,81.51,,2.21
22.11.2021,79.75,79.75,79.75,79.75,,2.01
19.11.2021,78.18,78.18,78.18,78.18,,-2.80
18.11.2021,80.43,80.43,80.43,80.43,,0.20
17.11.2021,80.27,80.27,80.27,80.27,,-1.10
16.11.2021,81.16,81.16,81.16,81.16,,2.00
15.11.2021,79.57,79.57,79.57,79.57,,-2.04
12.11.2021,81.23,81.23,81.23,81.23,,-0.18
11.11.2021,81.38,81.38,81.38,81.38,,-1.58
10.11.2021,82.69,82.69,82.69,82.69,,0.23
09.11.2021,82.50,82.50,82.50,82.50,,0.57
08.11.2021,82.03,82.03,82.03,82.03,,1.15
05.11.2021,81.10,81.10,81.10,81.10,,1.07
04.11.2021,80.24,80.24,80.24,80.24,,-0.35
03.11.2021,80.52,80.52,80.52,80.52,,-3.05
02.11.2021,83.05,83.05,83.05,83.05,,-0.06
01.11.2021,83.10,83.10,83.10,83.10,,1.22
29.10.2021,82.10,82.10,82.10,82.10,,0.72
28.10.2021,81.51,81.51,81.51,81.51,,-1.91
27.10.2021,83.10,83.10,83.10,83.10,,-0.81
26.10.2021,83.78,83.78,83.78,83.78,,0.40
25.10.2021,83.45,83.45,83.45,83.45,,0.63
22.10.2021,82.93,82.93,82.93,82.93,,1.64
21.10.2021,81.59,81.59,81.59,81.59,,-1.95
20.10.2021,83.21,83.21,83.21,83.21,,0.50
19.10.2021,82.80,82.80,82.80,82.80,,0.68
18.10.2021,82.24,82.24,82.24,82.24,,-0.51
15.10.2021,82.66,82.66,82.66,82.66,,1.67
14.10.2021,81.30,81.30,81.30,81.30,,-0.07
13.10.2021,81.36,81.36,81.36,81.36,,-0.23
12.10.2021,81.54,81.54,81.54,81.54,,-0.80
11.10.2021,82.20,82.20,82.20,82.20,,1.63
08.10.2021,80.88,80.88,80.88,80.88,,0.75
07.10.2021,80.28,80.28,80.28,80.28,,1.06
06.10.2021,79.44,79.44,79.44,79.44,,-2.16
05.10.2021,81.19,81.19,81.19,81.19,,1.87
04.10.2021,79.70,79.70,79.70,79.70,,3.95
01.10.2021,76.67,76.67,76.67,76.67,,1.07
30.09.2021,75.86,75.86,75.86,75.86,,-0.32
29.09.2021,76.10,76.10,76.10,76.10,,-0.50
28.09.2021,76.48,76.48,76.48,76.48,,-0.69
27.09.2021,77.01,77.01,77.01,77.01,,2.46
24.09.2021,75.16,75.16,75.16,75.16,,1.10
23.09.2021,74.34,74.34,74.34,74.34,,1.96
22.09.2021,72.91,72.91,72.91,72.91,,2.30
21.09.2021,71.27,71.27,71.27,71.27,,-0.82
20.09.2021,71.86,71.86,71.86,71.86,,-0.48
17.09.2021,72.21,72.21,72.21,72.21,,-0.23
16.09.2021,72.38,72.38,72.38,72.38,,-2.31
15.09.2021,74.09,74.09,74.09,74.09,,2.83
14.09.2021,72.05,72.05,72.05,72.05,,0.28
13.09.2021,71.85,71.85,71.85,71.85,,0.98
10.09.2021,71.15,71.15,71.15,71.15,,-0.32
09.09.2021,71.38,71.38,71.38,71.38,,0.20
08.09.2021,71.24,71.24,71.24,71.24,,2.75
07.09.2021,69.33,69.33,69.33,69.33,,-1.00
06.09.2021,70.03,70.03,70.03,70.03,,-1.28
03.09.2021,70.94,70.94,70.94,70.94,,-0.69
02.09.2021,71.43,71.43,71.43,71.43,,4.00
01.09.2021,68.68,68.68,68.68,68.68,,-3.10
31.08.2021,70.88,70.88,70.88,70.88,,2.40
30.08.2021,69.22,69.22,69.22,69.22,,0.00
27.08.2021,69.22,69.22,69.22,69.22,,1.60
26.08.2021,68.13,68.13,68.13,68.13,,-0.93
25.08.2021,68.77,68.77,68.77,68.77,,1.15
24.08.2021,67.99,67.99,67.99,67.99,,2.86
23.08.2021,66.10,66.10,66.10,66.10,,4.21
20.08.2021,63.43,63.43,63.43,63.43,,0.24
19.08.2021,63.28,63.28,63.28,63.28,,-5.20
18.08.2021,66.75,66.75,66.75,66.75,,-0.80
17.08.2021,67.29,67.29,67.29,67.29,,0.28
16.08.2021,67.10,67.10,67.10,67.10,,-2.54
13.08.2021,68.85,68.85,68.85,68.85,,-0.38
12.08.2021,69.11,69.11,69.11,69.11,,1.57
11.08.2021,68.04,68.04,68.04,68.04,,-1.13
10.08.2021,68.82,68.82,68.82,68.82,,3.04
09.08.2021,66.79,66.79,66.79,66.79,,-3.44
06.08.2021,69.17,69.17,69.17,69.17,,-0.83
05.08.2021,69.75,69.75,69.75,69.75,,-0.56
04.08.2021,70.14,70.14,70.14,70.14,,-0.65
03.08.2021,70.60,70.60,70.60,70.60,,-1.16
02.08.2021,71.43,71.43,71.43,71.43,,-3.43
30.07.2021,73.97,73.97,73.97,73.97,,1.01
29.07.2021,73.23,73.23,73.23,73.23,,1.09
28.07.2021,72.44,72.44,72.44,72.44,,0.10
27.07.2021,72.37,72.37,72.37,72.37,,0.81
26.07.2021,71.79,71.79,71.79,71.79,,-0.24
23.07.2021,71.96,71.96,71.96,71.96,,1.84
22.07.2021,70.66,70.66,70.66,70.66,,1.51
21.07.2021,69.61,69.61,69.61,69.61,,3.51
20.07.2021,67.25,67.25,67.25,67.25,,-0.06
19.07.2021,67.29,67.29,67.29,67.29,,-6.53
16.07.2021,71.99,71.99,71.99,71.99,,-1.32
15.07.2021,72.95,72.95,72.95,72.95,,-2.20
14.07.2021,74.59,74.59,74.59,74.59,,0.34
13.07.2021,74.34,74.34,74.34,74.34,,0.08
12.07.2021,74.28,74.28,74.28,74.28,,-0.71
09.07.2021,74.81,74.81,74.81,74.81,,3.97
08.07.2021,71.95,71.95,71.95,71.95,,0.84
07.07.2021,71.35,71.35,71.35,71.35,,-2.89
06.07.2021,73.47,73.47,73.47,73.47,,-2.66
05.07.2021,75.48,75.48,75.48,75.48,,0.84
02.07.2021,74.85,74.85,74.85,74.85,,0.25
01.07.2021,74.66,74.66,74.66,74.66,,-0.33
30.06.2021,74.91,74.91,74.91,74.91,,2.02
29.06.2021,73.43,73.43,73.43,73.43,,0.07
28.06.2021,73.38,73.38,73.38,73.38,,-1.12
25.06.2021,74.21,74.21,74.21,74.21,,0.54
24.06.2021,73.81,73.81,73.81,73.81,,0.07
23.06.2021,73.76,73.76,73.76,73.76,,1.15
22.06.2021,72.92,72.92,72.92,72.92,,1.29
21.06.2021,71.99,71.99,71.99,71.99,,1.08
18.06.2021,71.22,71.22,71.22,71.22,,0.28
17.06.2021,71.02,71.02,71.02,71.02,,-2.10
16.06.2021,72.54,72.54,72.54,72.54,,1.87
15.06.2021,71.21,71.21,71.21,71.21,,0.68
14.06.2021,70.73,70.73,70.73,70.73,,1.03
11.06.2021,70.01,70.01,70.01,70.01,,0.50
10.06.2021,69.66,69.66,69.66,69.66,,0.23
09.06.2021,69.50,69.50,69.50,69.50,,0.87
08.06.2021,68.90,68.90,68.90,68.90,,-0.98
07.06.2021,69.58,69.58,69.58,69.58,,-0.32
04.06.2021,69.80,69.80,69.80,69.80,,1.34
03.06.2021,68.88,68.88,68.88,68.88,,-0.04
02.06.2021,68.91,68.91,68.91,68.91,,0.15
01.06.2021,68.81,68.81,68.81,68.81,,1.58
28.05.2021,67.74,67.74,67.74,67.74,,0.56
27.05.2021,67.36,67.36,67.36,67.36,,0.12
26.05.2021,67.28,67.28,67.28,67.28,,0.37
25.05.2021,67.03,67.03,67.03,67.03,,0.59
24.05.2021,66.64,66.64,66.64,66.64,,2.13
21.05.2021,65.25,65.25,65.25,65.25,,0.60
20.05.2021,64.86,64.86,64.86,64.86,,0.06
19.05.2021,64.82,64.82,64.82,64.82,,-4.76
18.05.2021,68.06,68.06,68.06,68.06,,0.22
17.05.2021,67.91,67.91,67.91,67.91,,0.59
14.05.2021,67.51,67.51,67.51,67.51,,1.81
13.05.2021,66.31,66.31,66.31,66.31,,-3.24
12.05.2021,68.53,68.53,68.53,68.53,,2.73
11.05.2021,66.71,66.71,66.71,66.71,,0.42
10.05.2021,66.43,66.43,66.43,66.43,,-0.36
07.05.2021,66.67,66.67,66.67,66.67,,-0.69
06.05.2021,67.13,67.13,67.13,67.13,,-1.91
05.05.2021,68.44,68.44,68.44,68.44,,1.81
04.05.2021,67.22,67.22,67.22,67.22,,2.33
03.05.2021,65.69,65.69,65.69,65.69,,0.00
30.04.2021,65.69,65.69,65.69,65.69,,-0.39
29.04.2021,65.95,65.95,65.95,65.95,,0.78
28.04.2021,65.44,65.44,65.44,65.44,,2.78
27.04.2021,63.67,63.67,63.67,63.67,,0.22
26.04.2021,63.53,63.53,63.53,63.53,,-0.14
23.04.2021,63.62,63.62,63.62,63.62,,0.79
22.04.2021,63.12,63.12,63.12,63.12,,0.90
21.04.2021,62.56,62.56,62.56,62.56,,0.18
20.04.2021,62.45,62.45,62.45,62.45,,-3.01
19.04.2021,64.39,64.39,64.39,64.39,,0.70
16.04.2021,63.94,63.94,63.94,63.94,,0.30
15.04.2021,63.75,63.75,63.75,63.75,,-0.06
14.04.2021,63.79,63.79,63.79,63.79,,4.52
13.04.2021,61.03,61.03,61.03,61.03,,0.58
12.04.2021,60.68,60.68,60.68,60.68,,1.03
09.04.2021,60.06,60.06,60.06,60.06,,0.55
08.04.2021,59.73,59.73,59.73,59.73,,1.67
07.04.2021,58.75,58.75,58.75,58.75,,-2.49
06.04.2021,60.25,60.25,60.25,60.25,,-0.17
05.04.2021,60.35,60.35,60.35,60.35,,0.00
02.04.2021,60.35,60.35,60.35,60.35,,0.00
01.04.2021,60.35,60.35,60.35,60.35,,-2.08
31.03.2021,61.63,61.63,61.63,61.63,,-0.68
30.03.2021,62.05,62.05,62.05,62.05,,0.50
29.03.2021,61.74,61.74,61.74,61.74,,-0.98
26.03.2021,62.35,62.35,62.35,62.35,,4.11
25.03.2021,59.89,59.89,59.89,59.89,,-3.65
24.03.2021,62.16,62.16,62.16,62.16,,3.24
23.03.2021,60.21,60.21,60.21,60.21,,-3.34
22.03.2021,62.29,62.29,62.29,62.29,,0.32
19.03.2021,62.09,62.09,62.09,62.09,,-1.96
18.03.2021,63.33,63.33,63.33,63.33,,-3.52
17.03.2021,65.64,65.64,65.64,65.64,,-0.62
16.03.2021,66.05,66.05,66.05,66.05,,-1.29
15.03.2021,66.91,66.91,66.91,66.91,,-1.04
12.03.2021,67.61,67.61,67.61,67.61,,-0.43
11.03.2021,67.90,67.90,67.90,67.90,,3.74
10.03.2021,65.45,65.45,65.45,65.45,,-0.62
09.03.2021,65.86,65.86,65.86,65.86,,-2.28
08.03.2021,67.40,67.40,67.40,67.40,,-0.98
05.03.2021,68.07,68.07,68.07,68.07,,2.47
04.03.2021,66.43,66.43,66.43,66.43,,4.71
03.03.2021,63.44,63.44,63.44,63.44,,1.20
02.03.2021,62.69,62.69,62.69,62.69,,-2.88
01.03.2021,64.55,64.55,64.55,64.55,,-0.57
26.02.2021,64.92,64.92,64.92,64.92,,-1.64
25.02.2021,66.00,66.00,66.00,66.00,,0.67
24.02.2021,65.56,65.56,65.56,65.56,,2.39
23.02.2021,64.03,64.03,64.03,64.03,,1.72
22.02.2021,62.95,62.95,62.95,62.95,,0.72
19.02.2021,62.50,62.50,62.50,62.50,,-1.67
18.02.2021,63.56,63.56,63.56,63.56,,0.32
17.02.2021,63.36,63.36,63.36,63.36,,1.28
16.02.2021,62.56,62.56,62.56,62.56,,-0.62
15.02.2021,62.95,62.95,62.95,62.95,,3.43
12.02.2021,60.86,60.86,60.86,60.86,,0.13
11.02.2021,60.78,60.78,60.78,60.78,,0.23
10.02.2021,60.64,60.64,60.64,60.64,,1.47
09.02.2021,59.76,59.76,59.76,59.76,,0.13
08.02.2021,59.68,59.68,59.68,59.68,,-0.03
05.02.2021,59.70,59.70,59.70,59.70,,1.79
04.02.2021,58.65,58.65,58.65,58.65,,-0.10
03.02.2021,58.71,58.71,58.71,58.71,,1.38
02.02.2021,57.91,57.91,57.91,57.91,,2.59
01.02.2021,56.45,56.45,56.45,56.45,,1.15
29.01.2021,55.81,55.81,55.81,55.81,,0.52
28.01.2021,55.52,55.52,55.52,55.52,,-1.02
27.01.2021,56.09,56.09,56.09,56.09,,0.59
26.01.2021,55.76,55.76,55.76,55.76,,1.33
25.01.2021,55.03,55.03,55.03,55.03,,-0.33
22.01.2021,55.21,55.21,55.21,55.21,,-0.83
21.01.2021,55.67,55.67,55.67,55.67,,-0.73
20.01.2021,56.08,56.08,56.08,56.08,,0.81
19.01.2021,55.63,55.63,55.63,55.63,,1.89
18.01.2021,54.60,54.60,54.60,54.60,,-0.24
15.01.2021,54.73,54.73,54.73,54.73,,-0.78
14.01.2021,55.16,55.16,55.16,55.16,,-1.32
13.01.2021,55.90,55.90,55.90,55.90,,-0.34
12.01.2021,56.09,56.09,56.09,56.09,,2.07
11.01.2021,54.95,54.95,54.95,54.95,,-0.31
08.01.2021,55.12,55.12,55.12,55.12,,1.92
07.01.2021,54.08,54.08,54.08,54.08,,-0.52
06.01.2021,54.36,54.36,54.36,54.36,,3.23
05.01.2021,52.66,52.66,52.66,52.66,,4.55
04.01.2021,50.37,50.37,50.37,50.37,,-1.18
01.01.2021,50.97,50.97,50.97,50.97,,0.00
31.12.2020,50.97,50.97,50.97,50.97,,0.65
30.12.2020,50.64,50.64,50.64,50.64,,-0.33
29.12.2020,50.81,50.81,50.81,50.81,,0.24
25.12.2020,50.69,50.69,50.69,50.69,,0.00
24.12.2020,50.69,50.69,50.69,50.69,,-1.30
23.12.2020,51.36,51.36,51.36,51.36,,2.11
22.12.2020,50.30,50.30,50.30,50.30,,0.56
21.12.2020,50.02,50.02,50.02,50.02,,-4.18
18.12.2020,52.20,52.20,52.20,52.20,,1.85
17.12.2020,51.25,51.25,51.25,51.25,,1.34
16.12.2020,50.57,50.57,50.57,50.57,,-0.69
15.12.2020,50.92,50.92,50.92,50.92,,2.50
14.12.2020,49.68,49.68,49.68,49.68,,-1.02
11.12.2020,50.19,50.19,50.19,50.19,,-1.78
10.12.2020,51.10,51.10,51.10,51.10,,4.63
09.12.2020,48.84,48.84,48.84,48.84,,-0.35
08.12.2020,49.01,49.01,49.01,49.01,,-0.08
07.12.2020,49.05,49.05,49.05,49.05,,-1.66
04.12.2020,49.88,49.88,49.88,49.88,,1.53
03.12.2020,49.13,49.13,49.13,49.13,,0.88
02.12.2020,48.70,48.70,48.70,48.70,,1.65
01.12.2020,47.91,47.91,47.91,47.91,,2.11
30.11.2020,46.92,46.92,46.92,46.92,,-1.41
27.11.2020,47.59,47.59,47.59,47.59,,0.89
26.11.2020,47.17,47.17,47.17,47.17,,-0.97
25.11.2020,47.63,47.63,47.63,47.63,,0.32
24.11.2020,47.48,47.48,47.48,47.48,,4.24
23.11.2020,45.55,45.55,45.55,45.55,,3.38
20.11.2020,44.06,44.06,44.06,44.06,,0.96
19.11.2020,43.64,43.64,43.64,43.64,,-0.39
18.11.2020,43.81,43.81,43.81,43.81,,2.22
17.11.2020,42.86,42.86,42.86,42.86,,-2.15
16.11.2020,43.80,43.80,43.80,43.80,,3.03
13.11.2020,42.51,42.51,42.51,42.51,,-2.03
12.11.2020,43.39,43.39,43.39,43.39,,-1.18
11.11.2020,43.91,43.91,43.91,43.91,,3.32
10.11.2020,42.50,42.50,42.50,42.50,,1.19
09.11.2020,42.00,42.00,42.00,42.00,,7.33
06.11.2020,39.13,39.13,39.13,39.13,,-2.78
05.11.2020,40.25,40.25,40.25,40.25,,0.78
04.11.2020,39.94,39.94,39.94,39.94,,2.96
03.11.2020,38.79,38.79,38.79,38.79,,4.16
02.11.2020,37.24,37.24,37.24,37.24,,0.32
30.10.2020,37.12,37.12,37.12,37.12,,0.38
29.10.2020,36.98,36.98,36.98,36.98,,-4.42
28.10.2020,38.69,38.69,38.69,38.69,,-4.66
27.10.2020,40.58,40.58,40.58,40.58,,1.86
26.10.2020,39.84,39.84,39.84,39.84,,-3.79
23.10.2020,41.41,41.41,41.41,41.41,,-0.65
22.10.2020,41.68,41.68,41.68,41.68,,3.50
21.10.2020,40.27,40.27,40.27,40.27,,-1.76
20.10.2020,40.99,40.99,40.99,40.99,,-1.87
19.10.2020,41.77,41.77,41.77,41.77,,0.58
16.10.2020,41.53,41.53,41.53,41.53,,1.24
15.10.2020,41.02,41.02,41.02,41.02,,-1.63
14.10.2020,41.70,41.70,41.70,41.70,,0.75
13.10.2020,41.39,41.39,41.39,41.39,,2.07
12.10.2020,40.55,40.55,40.55,40.55,,-3.41
09.10.2020,41.98,41.98,41.98,41.98,,0.89
08.10.2020,41.61,41.61,41.61,41.61,,3.38
07.10.2020,40.25,40.25,40.25,40.25,,-1.85
06.10.2020,41.01,41.01,41.01,41.01,,2.73
05.10.2020,39.92,39.92,39.92,39.92,,2.89
02.10.2020,38.80,38.80,38.80,38.80,,-1.62
01.10.2020,39.44,39.44,39.44,39.44,,-2.59
30.09.2020,40.49,40.49,40.49,40.49,,-0.42
29.09.2020,40.66,40.66,40.66,40.66,,-2.47
28.09.2020,41.69,41.69,41.69,41.69,,1.34
25.09.2020,41.14,41.14,41.14,41.14,,0.69
24.09.2020,40.86,40.86,40.86,40.86,,-1.19
23.09.2020,41.35,41.35,41.35,41.35,,1.22
22.09.2020,40.85,40.85,40.85,40.85,,2.05
21.09.2020,40.03,40.03,40.03,40.03,,-5.32
18.09.2020,42.28,42.28,42.28,42.28,,0.09
17.09.2020,42.24,42.24,42.24,42.24,,3.58
16.09.2020,40.78,40.78,40.78,40.78,,4.54
15.09.2020,39.01,39.01,39.01,39.01,,1.48
14.09.2020,38.44,38.44,38.44,38.44,,-1.39
11.09.2020,38.98,38.98,38.98,38.98,,-1.44
10.09.2020,39.55,39.55,39.55,39.55,,-0.75
09.09.2020,39.85,39.85,39.85,39.85,,3.59
08.09.2020,38.47,38.47,38.47,38.47,,-5.08
07.09.2020,40.53,40.53,40.53,40.53,,-1.63
04.09.2020,41.20,41.20,41.20,41.20,,-1.53
03.09.2020,41.84,41.84,41.84,41.84,,-6.57
02.09.2020,44.78,44.78,44.78,44.78,,-2.18
01.09.2020,45.78,45.78,45.78,45.78,,1.51
28.08.2020,45.10,45.10,45.10,45.10,,1.14
27.08.2020,44.59,44.59,44.59,44.59,,-2.62
26.08.2020,45.79,45.79,45.79,45.79,,-0.59
25.08.2020,46.06,46.06,46.06,46.06,,4.26
24.08.2020,44.18,44.18,44.18,44.18,,1.82
21.08.2020,43.39,43.39,43.39,43.39,,-2.30
20.08.2020,44.41,44.41,44.41,44.41,,-1.51
19.08.2020,45.09,45.09,45.09,45.09,,-0.18
18.08.2020,45.17,45.17,45.17,45.17,,1.32
17.08.2020,44.58,44.58,44.58,44.58,,-0.27
14.08.2020,44.70,44.70,44.70,44.70,,-0.67
13.08.2020,45.00,45.00,45.00,45.00,,0.11
12.08.2020,44.95,44.95,44.95,44.95,,0.56
11.08.2020,44.70,44.70,44.70,44.70,,0.47
10.08.2020,44.49,44.49,44.49,44.49,,-0.40
07.08.2020,44.67,44.67,44.67,44.67,,-2.13
06.08.2020,45.64,45.64,45.64,45.64,,-1.11
05.08.2020,46.15,46.15,46.15,46.15,,4.11
04.08.2020,44.33,44.33,44.33,44.33,,0.18
03.08.2020,44.25,44.25,44.25,44.25,,1.56
31.07.2020,43.57,43.57,43.57,43.57,,1.51
30.07.2020,42.92,42.92,42.92,42.92,,-3.20
29.07.2020,44.34,44.34,44.34,44.34,,1.07
28.07.2020,43.87,43.87,43.87,43.87,,1.43
27.07.2020,43.25,43.25,43.25,43.25,,-1.39
24.07.2020,43.86,43.86,43.86,43.86,,-1.33
23.07.2020,44.45,44.45,44.45,44.45,,0.75
22.07.2020,44.12,44.12,44.12,44.12,,-2.84
21.07.2020,45.41,45.41,45.41,45.41,,1.79
20.07.2020,44.61,44.61,44.61,44.61,,-1.15
17.07.2020,45.13,45.13,45.13,45.13,,-1.03
16.07.2020,45.60,45.60,45.60,45.60,,0.53
15.07.2020,45.36,45.36,45.36,45.36,,1.30
14.07.2020,44.78,44.78,44.78,44.78,,-0.44
13.07.2020,44.98,44.98,44.98,44.98,,2.30
10.07.2020,43.97,43.97,43.97,43.97,,1.27
09.07.2020,43.42,43.42,43.42,43.42,,-2.36
08.07.2020,44.47,44.47,44.47,44.47,,-0.34
07.07.2020,44.62,44.62,44.62,44.62,,-1.09
06.07.2020,45.11,45.11,45.11,45.11,,0.87
03.07.2020,44.72,44.72,44.72,44.72,,-0.22
02.07.2020,44.82,44.82,44.82,44.82,,0.90
01.07.2020,44.42,44.42,44.42,44.42,,0.59
30.06.2020,44.16,44.16,44.16,44.16,,0.89
29.06.2020,43.77,43.77,43.77,43.77,,1.39
26.06.2020,43.17,43.17,43.17,43.17,,-0.60
25.06.2020,43.43,43.43,43.43,43.43,,0.63
24.06.2020,43.16,43.16,43.16,43.16,,-6.52
23.06.2020,46.17,46.17,46.17,46.17,,1.63
22.06.2020,45.43,45.43,45.43,45.43,,0.09
19.06.2020,45.39,45.39,45.39,45.39,,2.81
18.06.2020,44.15,44.15,44.15,44.15,,4.57
17.06.2020,42.22,42.22,42.22,42.22,,0.40
16.06.2020,42.05,42.05,42.05,42.05,,3.85
15.06.2020,40.49,40.49,40.49,40.49,,0.60
12.06.2020,40.25,40.25,40.25,40.25,,0.93
11.06.2020,39.88,39.88,39.88,39.88,,-5.39
10.06.2020,42.15,42.15,42.15,42.15,,1.03
09.06.2020,41.72,41.72,41.72,41.72,,-0.48
08.06.2020,41.92,41.92,41.92,41.92,,-2.03
05.06.2020,42.79,42.79,42.79,42.79,,8.44
04.06.2020,39.46,39.46,39.46,39.46,,0.18
03.06.2020,39.39,39.39,39.39,39.39,,0.10
02.06.2020,39.35,39.35,39.35,39.35,,4.54
01.06.2020,37.64,37.64,37.64,37.64,,6.15
29.05.2020,35.46,35.46,35.46,35.46,,1.17
28.05.2020,35.05,35.05,35.05,35.05,,2.61
27.05.2020,34.16,34.16,34.16,34.16,,-1.04
26.05.2020,34.52,34.52,34.52,34.52,,0.32
22.05.2020,34.41,34.41,34.41,34.41,,-3.83
21.05.2020,35.78,35.78,35.78,35.78,,0.08
20.05.2020,35.75,35.75,35.75,35.75,,6.88
19.05.2020,33.45,33.45,33.45,33.45,,-3.13
18.05.2020,34.53,34.53,34.53,34.53,,12.77
15.05.2020,30.62,30.62,30.62,30.62,,4.79
14.05.2020,29.22,29.22,29.22,29.22,,1.11
13.05.2020,28.90,28.90,28.90,28.90,,7.20
12.05.2020,26.96,26.96,26.96,26.96,,2.98
11.05.2020,26.18,26.18,26.18,26.18,,1.00
07.05.2020,25.92,25.92,25.92,25.92,,7.73
06.05.2020,24.06,24.06,24.06,24.06,,-3.10
05.05.2020,24.83,24.83,24.83,24.83,,26.10
04.05.2020,19.69,19.69,19.69,19.69,,4.68
01.05.2020,18.81,18.81,18.81,18.81,,0.16
30.04.2020,18.78,18.78,18.78,18.78,,14.65
29.04.2020,16.38,16.38,16.38,16.38,,18.52
28.04.2020,13.82,13.82,13.82,13.82,,6.72
27.04.2020,12.95,12.95,12.95,12.95,,-11.00
24.04.2020,14.55,14.55,14.55,14.55,,-1.29
23.04.2020,14.74,14.74,14.74,14.74,,20.62
22.04.2020,12.22,12.22,12.22,12.22,,45.48
21.04.2020,8.40,8.40,8.40,8.40,,-44.26
20.04.2020,15.07,15.07,15.07,15.07,,-4.32
17.04.2020,15.75,15.75,15.75,15.75,,9.53
16.04.2020,14.38,14.38,14.38,14.38,,-6.50
15.04.2020,15.38,15.38,15.38,15.38,,-16.55
14.04.2020,18.43,18.43,18.43,18.43,,0.60
09.04.2020,18.32,18.32,18.32,18.32,,-10.94
08.04.2020,20.57,20.57,20.57,20.57,,5.98
07.04.2020,19.41,19.41,19.41,19.41,,10.66
06.04.2020,17.54,17.54,17.54,17.54,,-6.95
03.04.2020,18.85,18.85,18.85,18.85,,29.11
02.04.2020,14.60,14.60,14.60,14.60,,34.19
01.04.2020,10.88,10.88,10.88,10.88,,-27.99
31.03.2020,15.11,15.11,15.11,15.11,,4.79
30.03.2020,14.42,14.42,14.42,14.42,,-19.08
27.03.2020,17.82,17.82,17.82,17.82,,-18.03
26.03.2020,21.74,21.74,21.74,21.74,,-0.05
25.03.2020,21.75,21.75,21.75,21.75,,-0.68
24.03.2020,21.90,21.90,21.90,21.90,,15.57
23.03.2020,18.95,18.95,18.95,18.95,,-16.34
20.03.2020,22.65,22.65,22.65,22.65,,7.45
19.03.2020,21.08,21.08,21.08,21.08,,5.98
18.03.2020,19.89,19.89,19.89,19.89,,-22.06
17.03.2020,25.52,25.52,25.52,25.52,,-0.04
16.03.2020,25.53,25.53,25.53,25.53,,-14.33
13.03.2020,29.80,29.80,29.80,29.80,,4.31
12.03.2020,28.57,28.57,28.57,28.57,,-11.77
11.03.2020,32.38,32.38,32.38,32.38,,-2.23
10.03.2020,33.12,33.12,33.12,33.12,,0.73
09.03.2020,32.88,32.88,32.88,32.88,,-23.80
06.03.2020,43.15,43.15,43.15,43.15,,-11.65
05.03.2020,48.84,48.84,48.84,48.84,,-1.15
04.03.2020,49.41,49.41,49.41,49.41,,-0.76
03.03.2020,49.79,49.79,49.79,49.79,,-0.56
02.03.2020,50.07,50.07,50.07,50.07,,2.48
28.02.2020,48.86,48.86,48.86,48.86,,-1.77
27.02.2020,49.74,49.74,49.74,49.74,,-5.28
26.02.2020,52.51,52.51,52.51,52.51,,-3.15
25.02.2020,54.22,54.22,54.22,54.22,,-2.99
24.02.2020,55.89,55.89,55.89,55.89,,-4.38
21.02.2020,58.45,58.45,58.45,58.45,,-2.49
20.02.2020,59.94,59.94,59.94,59.94,,0.62
19.02.2020,59.57,59.57,59.57,59.57,,4.14
18.02.2020,57.20,57.20,57.20,57.20,,-0.83
17.02.2020,57.68,57.68,57.68,57.68,,0.80
14.02.2020,57.22,57.22,57.22,57.22,,1.83
13.02.2020,56.19,56.19,56.19,56.19,,1.44
12.02.2020,55.39,55.39,55.39,55.39,,2.86
11.02.2020,53.85,53.85,53.85,53.85,,1.53
10.02.2020,53.04,53.04,53.04,53.04,,-2.10
07.02.2020,54.18,54.18,54.18,54.18,,-2.87
06.02.2020,55.78,55.78,55.78,55.78,,-0.32
05.02.2020,55.96,55.96,55.96,55.96,,2.68
04.02.2020,54.50,54.50,54.50,54.50,,-0.18
03.02.2020,54.60,54.60,54.60,54.60,,-6.46
31.01.2020,58.37,58.37,58.37,58.37,,3.82
30.01.2020,56.22,56.22,56.22,56.22,,-3.00
29.01.2020,57.96,57.96,57.96,57.96,,0.16
28.01.2020,57.87,57.87,57.87,57.87,,1.46
27.01.2020,57.04,57.04,57.04,57.04,,-1.38
24.01.2020,57.84,57.84,57.84,57.84,,-3.21
23.01.2020,59.76,59.76,59.76,59.76,,-1.40
22.01.2020,60.61,60.61,60.61,60.61,,-2.49
21.01.2020,62.16,62.16,62.16,62.16,,-1.54
20.01.2020,63.13,63.13,63.13,63.13,,0.93
17.01.2020,62.55,62.55,62.55,62.55,,-0.92
16.01.2020,63.13,63.13,63.13,63.13,,2.17
15.01.2020,61.79,61.79,61.79,61.79,,-1.84
14.01.2020,62.95,62.95,62.95,62.95,,0.49
13.01.2020,62.64,62.64,62.64,62.64,,-4.03
10.01.2020,65.27,65.27,65.27,65.27,,0.29
09.01.2020,65.08,65.08,65.08,65.08,,-1.11
08.01.2020,65.81,65.81,65.81,65.81,,-2.13
07.01.2020,67.24,67.24,67.24,67.24,,-2.20
06.01.2020,68.75,68.75,68.75,68.75,,1.73
03.01.2020,67.58,67.58,67.58,67.58,,3.10
02.01.2020,65.55,65.55,65.55,65.55,,-1.09
01.01.2020,66.27,66.27,66.27,66.27,,0.00
31.12.2019,66.27,66.27,66.27,66.27,,-0.79
30.12.2019,66.80,66.80,66.80,66.80,,-0.90
27.12.2019,67.41,67.41,67.41,67.41,,-1.96
26.12.2019,68.76,68.76,68.76,68.76,,0.00
24.12.2019,68.76,68.76,68.76,68.76,,2.64
23.12.2019,66.99,66.99,66.99,66.99,,-1.72
20.12.2019,68.16,68.16,68.16,68.16,,-1.50
19.12.2019,69.20,69.20,69.20,69.20,,0.85
18.12.2019,68.62,68.62,68.62,68.62,,0.19
17.12.2019,68.49,68.49,68.49,68.49,,1.41
16.12.2019,67.54,67.54,67.54,67.54,,-0.44
13.12.2019,67.84,67.84,67.84,67.84,,1.15
12.12.2019,67.07,67.07,67.07,67.07,,1.98
11.12.2019,65.77,65.77,65.77,65.77,,-1.79
10.12.2019,66.97,66.97,66.97,66.97,,0.19
09.12.2019,66.84,66.84,66.84,66.84,,-0.09
06.12.2019,66.90,66.90,66.90,66.90,,1.26
05.12.2019,66.07,66.07,66.07,66.07,,0.64
04.12.2019,65.65,65.65,65.65,65.65,,3.63
03.12.2019,63.35,63.35,63.35,63.35,,-0.39
02.12.2019,63.60,63.60,63.60,63.60,,-2.38
29.11.2019,65.15,65.15,65.15,65.15,,-0.28
28.11.2019,65.33,65.33,65.33,65.33,,-0.23
27.11.2019,65.48,65.48,65.48,65.48,,0.94
26.11.2019,64.87,64.87,64.87,64.87,,0.23
25.11.2019,64.72,64.72,64.72,64.72,,-1.76
22.11.2019,65.88,65.88,65.88,65.88,,-0.24
21.11.2019,66.04,66.04,66.04,66.04,,1.84
20.11.2019,64.85,64.85,64.85,64.85,,2.94
19.11.2019,63.00,63.00,63.00,63.00,,-1.05
18.11.2019,63.67,63.67,63.67,63.67,,-0.78
15.11.2019,64.17,64.17,64.17,64.17,,1.36
14.11.2019,63.31,63.31,63.31,63.31,,0.30
13.11.2019,63.12,63.12,63.12,63.12,,0.13
12.11.2019,63.04,63.04,63.04,63.04,,-0.61
11.11.2019,63.43,63.43,63.43,63.43,,0.92
08.11.2019,62.85,62.85,62.85,62.85,,-0.95
07.11.2019,63.45,63.45,63.45,63.45,,0.78
06.11.2019,62.96,62.96,62.96,62.96,,-0.96
05.11.2019,63.57,63.57,63.57,63.57,,0.32
04.11.2019,63.37,63.37,63.37,63.37,,3.85
01.11.2019,61.02,61.02,61.02,61.02,,1.45
31.10.2019,60.15,60.15,60.15,60.15,,0.13
30.10.2019,60.07,60.07,60.07,60.07,,-1.36
29.10.2019,60.90,60.90,60.90,60.90,,1.10
28.10.2019,60.24,60.24,60.24,60.24,,-2.70
25.10.2019,61.91,61.91,61.91,61.91,,2.06
24.10.2019,60.66,60.66,60.66,60.66,,2.00
23.10.2019,59.47,59.47,59.47,59.47,,0.03
22.10.2019,59.45,59.45,59.45,59.45,,2.68
21.10.2019,57.90,57.90,57.90,57.90,,-1.71
18.10.2019,58.91,58.91,58.91,58.91,,1.05
17.10.2019,58.30,58.30,58.30,58.30,,0.09
16.10.2019,58.25,58.25,58.25,58.25,,0.19
15.10.2019,58.14,58.14,58.14,58.14,,0.66
14.10.2019,57.76,57.76,57.76,57.76,,-2.99
11.10.2019,59.54,59.54,59.54,59.54,,2.60
10.10.2019,58.03,58.03,58.03,58.03,,-1.06
09.10.2019,58.65,58.65,58.65,58.65,,2.73
08.10.2019,57.09,57.09,57.09,57.09,,-2.26
07.10.2019,58.41,58.41,58.41,58.41,,0.57
04.10.2019,58.08,58.08,58.08,58.08,,1.97
03.10.2019,56.96,56.96,56.96,56.96,,0.16
02.10.2019,56.87,56.87,56.87,56.87,,-3.63
01.10.2019,59.01,59.01,59.01,59.01,,-1.55
30.09.2019,59.94,59.94,59.94,59.94,,-2.43
27.09.2019,61.43,61.43,61.43,61.43,,0.66
26.09.2019,61.03,61.03,61.03,61.03,,-0.54
25.09.2019,61.36,61.36,61.36,61.36,,-3.72
24.09.2019,63.73,63.73,63.73,63.73,,-0.82
23.09.2019,64.26,64.26,64.26,64.26,,-0.88
20.09.2019,64.83,64.83,64.83,64.83,,1.53
19.09.2019,63.85,63.85,63.85,63.85,,-0.06
18.09.2019,63.89,63.89,63.89,63.89,,-1.99
17.09.2019,65.19,65.19,65.19,65.19,,-4.16
16.09.2019,68.02,68.02,68.02,68.02,,11.78
13.09.2019,60.85,60.85,60.85,60.85,,0.81
12.09.2019,60.36,60.36,60.36,60.36,,-3.61
11.09.2019,62.62,62.62,62.62,62.62,,-2.57
10.09.2019,64.27,64.27,64.27,64.27,,1.07
09.09.2019,63.59,63.59,63.59,63.59,,4.45
06.09.2019,60.88,60.88,60.88,60.88,,-2.28
05.09.2019,62.30,62.30,62.30,62.30,,3.09
04.09.2019,60.43,60.43,60.43,60.43,,4.77
03.09.2019,57.68,57.68,57.68,57.68,,-3.22
02.09.2019,59.60,59.60,59.60,59.60,,-4.01
30.08.2019,62.09,62.09,62.09,62.09,,0.73
29.08.2019,61.64,61.64,61.64,61.64,,0.28
28.08.2019,61.47,61.47,61.47,61.47,,3.33
27.08.2019,59.49,59.49,59.49,59.49,,-0.34
26.08.2019,59.69,59.69,59.69,59.69,,0.00
23.08.2019,59.69,59.69,59.69,59.69,,-1.92
22.08.2019,60.86,60.86,60.86,60.86,,-1.28
21.08.2019,61.65,61.65,61.65,61.65,,2.61
20.08.2019,60.08,60.08,60.08,60.08,,-1.09
19.08.2019,60.74,60.74,60.74,60.74,,2.26
16.08.2019,59.40,59.40,59.40,59.40,,2.82
15.08.2019,57.77,57.77,57.77,57.77,,-0.84
14.08.2019,58.26,58.26,58.26,58.26,,-4.96
13.08.2019,61.30,61.30,61.30,61.30,,4.73
12.08.2019,58.53,58.53,58.53,58.53,,-0.41
09.08.2019,58.77,58.77,58.77,58.77,,1.87
08.08.2019,57.69,57.69,57.69,57.69,,2.32
07.08.2019,56.38,56.38,56.38,56.38,,-6.00
06.08.2019,59.98,59.98,59.98,59.98,,-1.14
05.08.2019,60.67,60.67,60.67,60.67,,-2.88
02.08.2019,62.47,62.47,62.47,62.47,,-2.69
01.08.2019,64.20,64.20,64.20,64.20,,-1.06
31.07.2019,64.89,64.89,64.89,64.89,,1.87
30.07.2019,63.70,63.70,63.70,63.70,,0.49
29.07.2019,63.39,63.39,63.39,63.39,,-0.11
26.07.2019,63.46,63.46,63.46,63.46,,-0.56
25.07.2019,63.82,63.82,63.82,63.82,,-0.09
24.07.2019,63.88,63.88,63.88,63.88,,2.49
23.07.2019,62.33,62.33,62.33,62.33,,0.68
22.07.2019,61.91,61.91,61.91,61.91,,1.68
19.07.2019,60.89,60.89,60.89,60.89,,0.73
18.07.2019,60.45,60.45,60.45,60.45,,-4.68
17.07.2019,63.42,63.42,63.42,63.42,,-2.98
16.07.2019,65.37,65.37,65.37,65.37,,-1.34
15.07.2019,66.26,66.26,66.26,66.26,,0.55
12.07.2019,65.90,65.90,65.90,65.90,,-1.48
11.07.2019,66.89,66.89,66.89,66.89,,1.87
10.07.2019,65.66,65.66,65.66,65.66,,3.32
09.07.2019,63.55,63.55,63.55,63.55,,-0.92
08.07.2019,64.14,64.14,64.14,64.14,,1.04
05.07.2019,63.48,63.48,63.48,63.48,,0.97
04.07.2019,62.87,62.87,62.87,62.87,,0.14
03.07.2019,62.78,62.78,62.78,62.78,,1.31
02.07.2019,61.97,61.97,61.97,61.97,,-3.40
01.07.2019,64.15,64.15,64.15,64.15,,-3.20
28.06.2019,66.27,66.27,66.27,66.27,,1.44
27.06.2019,65.33,65.33,65.33,65.33,,0.74
26.06.2019,64.85,64.85,64.85,64.85,,0.95
25.06.2019,64.24,64.24,64.24,64.24,,1.71
24.06.2019,63.16,63.16,63.16,63.16,,-1.30
21.06.2019,63.99,63.99,63.99,63.99,,0.87
20.06.2019,63.44,63.44,63.44,63.44,,4.26
19.06.2019,60.85,60.85,60.85,60.85,,-0.81
18.06.2019,61.35,61.35,61.35,61.35,,1.39
17.06.2019,60.51,60.51,60.51,60.51,,-0.93
14.06.2019,61.08,61.08,61.08,61.08,,-0.24
13.06.2019,61.23,61.23,61.23,61.23,,1.69
12.06.2019,60.21,60.21,60.21,60.21,,-3.06
11.06.2019,62.11,62.11,62.11,62.11,,-1.51
10.06.2019,63.06,63.06,63.06,63.06,,0.10
07.06.2019,63.00,63.00,63.00,63.00,,2.16
06.06.2019,61.67,61.67,61.67,61.67,,1.03
05.06.2019,61.04,61.04,61.04,61.04,,-3.43
04.06.2019,63.21,63.21,63.21,63.21,,0.64
03.06.2019,62.81,62.81,62.81,62.81,,-7.20
31.05.2019,67.68,67.68,67.68,67.68,,-3.93
30.05.2019,70.45,70.45,70.45,70.45,,-1.52
29.05.2019,71.54,71.54,71.54,71.54,,0.63
28.05.2019,71.09,71.09,71.09,71.09,,3.21
24.05.2019,68.88,68.88,68.88,68.88,,-0.56
23.05.2019,69.27,69.27,69.27,69.27,,-4.90
22.05.2019,72.84,72.84,72.84,72.84,,-1.35
21.05.2019,73.84,73.84,73.84,73.84,,-0.36
20.05.2019,74.11,74.11,74.11,74.11,,-0.98
17.05.2019,74.84,74.84,74.84,74.84,,-1.01
16.05.2019,75.60,75.60,75.60,75.60,,2.18
15.05.2019,73.99,73.99,73.99,73.99,,0.76
14.05.2019,73.43,73.43,73.43,73.43,,0.25
13.05.2019,73.25,73.25,73.25,73.25,,0.99
10.05.2019,72.53,72.53,72.53,72.53,,1.98
09.05.2019,71.12,71.12,71.12,71.12,,-1.21
08.05.2019,71.99,71.99,71.99,71.99,,0.49
07.05.2019,71.64,71.64,71.64,71.64,,-1.66
03.05.2019,72.85,72.85,72.85,72.85,,1.95
02.05.2019,71.46,71.46,71.46,71.46,,-1.99
01.05.2019,72.91,72.91,72.91,72.91,,-0.25
30.04.2019,73.09,73.09,73.09,73.09,,1.34
29.04.2019,72.12,72.12,72.12,72.12,,0.26
26.04.2019,71.93,71.93,71.93,71.93,,-5.47
25.04.2019,76.09,76.09,76.09,76.09,,1.67
24.04.2019,74.84,74.84,74.84,74.84,,1.26
23.04.2019,73.91,73.91,73.91,73.91,,3.65
18.04.2019,71.31,71.31,71.31,71.31,,-0.60
17.04.2019,71.74,71.74,71.74,71.74,,0.56
16.04.2019,71.34,71.34,71.34,71.34,,-0.22
15.04.2019,71.50,71.50,71.50,71.50,,-0.93
12.04.2019,72.17,72.17,72.17,72.17,,0.24
11.04.2019,72.00,72.00,72.00,72.00,,-0.46
10.04.2019,72.33,72.33,72.33,72.33,,0.85
09.04.2019,71.72,71.72,71.72,71.72,,-0.14
08.04.2019,71.82,71.82,71.82,71.82,,1.68
05.04.2019,70.63,70.63,70.63,70.63,,0.18
04.04.2019,70.50,70.50,70.50,70.50,,0.84
03.04.2019,69.91,69.91,69.91,69.91,,-0.67
02.04.2019,70.38,70.38,70.38,70.38,,0.86
01.04.2019,69.78,69.78,69.78,69.78,,1.68
29.03.2019,68.63,68.63,68.63,68.63,,2.77
28.03.2019,66.78,66.78,66.78,66.78,,-1.07
27.03.2019,67.50,67.50,67.50,67.50,,-0.24
26.03.2019,67.66,67.66,67.66,67.66,,0.21
25.03.2019,67.52,67.52,67.52,67.52,,1.63
22.03.2019,66.44,66.44,66.44,66.44,,-2.94
21.03.2019,68.45,68.45,68.45,68.45,,-0.07
20.03.2019,68.50,68.50,68.50,68.50,,1.81
19.03.2019,67.28,67.28,67.28,67.28,,0.72
18.03.2019,66.80,66.80,66.80,66.80,,1.04
15.03.2019,66.11,66.11,66.11,66.11,,-0.11
14.03.2019,66.18,66.18,66.18,66.18,,0.44
13.03.2019,65.89,65.89,65.89,65.89,,0.86
12.03.2019,65.33,65.33,65.33,65.33,,0.88
11.03.2019,64.76,64.76,64.76,64.76,,2.26
08.03.2019,63.33,63.33,63.33,63.33,,-1.84
07.03.2019,64.52,64.52,64.52,64.52,,0.48
06.03.2019,64.21,64.21,64.21,64.21,,0.42
05.03.2019,63.94,63.94,63.94,63.94,,-0.31
04.03.2019,64.14,64.14,64.14,64.14,,1.15
01.03.2019,63.41,63.41,63.41,63.41,,-2.04
28.02.2019,64.73,64.73,64.73,64.73,,-0.80
27.02.2019,65.25,65.25,65.25,65.25,,1.46
26.02.2019,64.31,64.31,64.31,64.31,,0.69
25.02.2019,63.87,63.87,63.87,63.87,,-4.54
22.02.2019,66.91,66.91,66.91,66.91,,0.00
21.02.2019,66.91,66.91,66.91,66.91,,0.13
20.02.2019,66.82,66.82,66.82,66.82,,1.46
19.02.2019,65.86,65.86,65.86,65.86,,-0.83
18.02.2019,66.41,66.41,66.41,66.41,,1.16
15.02.2019,65.65,65.65,65.65,65.65,,2.58
14.02.2019,64.00,64.00,64.00,64.00,,1.15
13.02.2019,63.27,63.27,63.27,63.27,,1.10
12.02.2019,62.58,62.58,62.58,62.58,,2.09
11.02.2019,61.30,61.30,61.30,61.30,,-0.11
08.02.2019,61.37,61.37,61.37,61.37,,0.59
07.02.2019,61.01,61.01,61.01,61.01,,-2.18
06.02.2019,62.37,62.37,62.37,62.37,,0.32
05.02.2019,62.17,62.17,62.17,62.17,,-0.94
04.02.2019,62.76,62.76,62.76,62.76,,0.64
01.02.2019,62.36,62.36,62.36,62.36,,-0.95
31.01.2019,62.96,62.96,62.96,62.96,,0.91
30.01.2019,62.39,62.39,62.39,62.39,,1.23
29.01.2019,61.63,61.63,61.63,61.63,,2.10
28.01.2019,60.36,60.36,60.36,60.36,,-2.86
25.01.2019,62.14,62.14,62.14,62.14,,0.65
24.01.2019,61.74,61.74,61.74,61.74,,0.06
23.01.2019,61.70,61.70,61.70,61.70,,0.24
22.01.2019,61.55,61.55,61.55,61.55,,-1.76
21.01.2019,62.65,62.65,62.65,62.65,,-0.06
18.01.2019,62.69,62.69,62.69,62.69,,3.62
17.01.2019,60.50,60.50,60.50,60.50,,0.07
16.01.2019,60.46,60.46,60.46,60.46,,1.96
15.01.2019,59.30,59.30,59.30,59.30,,-0.25
14.01.2019,59.45,59.45,59.45,59.45,,-0.73
11.01.2019,59.89,59.89,59.89,59.89,,-2.01
10.01.2019,61.12,61.12,61.12,61.12,,1.68
09.01.2019,60.11,60.11,60.11,60.11,,4.43
08.01.2019,57.56,57.56,57.56,57.56,,-0.33
07.01.2019,57.75,57.75,57.75,57.75,,2.59
04.01.2019,56.29,56.29,56.29,56.29,,4.47
03.01.2019,53.88,53.88,53.88,53.88,,-0.43
02.01.2019,54.11,54.11,54.11,54.11,,6.89
01.01.2019,50.62,50.62,50.62,50.62,,0.00
31.12.2018,50.62,50.62,50.62,50.62,,0.00
28.12.2018,50.62,50.62,50.62,50.62,,-1.79
27.12.2018,51.54,51.54,51.54,51.54,,-0.85
26.12.2018,51.98,51.98,51.98,51.98,,0.00
21.12.2018,51.98,51.98,51.98,51.98,,-1.72
20.12.2018,52.89,52.89,52.89,52.89,,-4.79
19.12.2018,55.55,55.55,55.55,55.55,,0.62
18.12.2018,55.21,55.21,55.21,55.21,,-4.05
17.12.2018,57.54,57.54,57.54,57.54,,-1.66
14.12.2018,58.51,58.51,58.51,58.51,,-0.80
13.12.2018,58.98,58.98,58.98,58.98,,-1.52
12.12.2018,59.89,59.89,59.89,59.89,,0.35
11.12.2018,59.68,59.68,59.68,59.68,,-0.93
10.12.2018,60.24,60.24,60.24,60.24,,-2.30
07.12.2018,61.66,61.66,61.66,61.66,,6.72
06.12.2018,57.78,57.78,57.78,57.78,,-6.20
05.12.2018,61.60,61.60,61.60,61.60,,0.29
04.12.2018,61.42,61.42,61.42,61.42,,1.74
03.12.2018,60.37,60.37,60.37,60.37,,4.25
30.11.2018,57.91,57.91,57.91,57.91,,-0.99
29.11.2018,58.49,58.49,58.49,58.49,,0.55
28.11.2018,58.17,58.17,58.17,58.17,,-2.69
27.11.2018,59.78,59.78,59.78,59.78,,-0.20
26.11.2018,59.90,59.90,59.90,59.90,,3.47
23.11.2018,57.89,57.89,57.89,57.89,,-5.58
22.11.2018,61.31,61.31,61.31,61.31,,-0.87
21.11.2018,61.85,61.85,61.85,61.85,,0.24
20.11.2018,61.70,61.70,61.70,61.70,,-4.10
19.11.2018,64.34,64.34,64.34,64.34,,-1.76
16.11.2018,65.49,65.49,65.49,65.49,,0.43
15.11.2018,65.21,65.21,65.21,65.21,,1.13
14.11.2018,64.48,64.48,64.48,64.48,,-0.26
13.11.2018,64.65,64.65,64.65,64.65,,-6.32
12.11.2018,69.01,69.01,69.01,69.01,,1.17
09.11.2018,68.21,68.21,68.21,68.21,,-0.41
08.11.2018,68.49,68.49,68.49,68.49,,-1.17
07.11.2018,69.30,69.30,69.30,69.30,,-0.77
06.11.2018,69.84,69.84,69.84,69.84,,-2.84
05.11.2018,71.88,71.88,71.88,71.88,,3.34
02.11.2018,69.56,69.56,69.56,69.56,,-0.20
01.11.2018,69.70,69.70,69.70,69.70,,-4.90
31.10.2018,73.29,73.29,73.29,73.29,,-1.13
30.10.2018,74.13,74.13,74.13,74.13,,-2.47
29.10.2018,76.01,76.01,76.01,76.01,,0.21
26.10.2018,75.85,75.85,75.85,75.85,,0.13
25.10.2018,75.75,75.75,75.75,75.75,,-0.05
24.10.2018,75.79,75.79,75.79,75.79,,-1.72
23.10.2018,77.12,77.12,77.12,77.12,,-2.44
22.10.2018,79.05,79.05,79.05,79.05,,-0.67
19.10.2018,79.58,79.58,79.58,79.58,,0.10
18.10.2018,79.50,79.50,79.50,79.50,,0.49
17.10.2018,79.11,79.11,79.11,79.11,,-0.78
16.10.2018,79.73,79.73,79.73,79.73,,-0.47
15.10.2018,80.11,80.11,80.11,80.11,,0.25
12.10.2018,79.91,79.91,79.91,79.91,,-0.61
11.10.2018,80.40,80.40,80.40,80.40,,-2.98
10.10.2018,82.87,82.87,82.87,82.87,,-1.59
09.10.2018,84.21,84.21,84.21,84.21,,1.13
08.10.2018,83.27,83.27,83.27,83.27,,-1.07
05.10.2018,84.17,84.17,84.17,84.17,,-1.12
04.10.2018,85.12,85.12,85.12,85.12,,0.73
03.10.2018,84.50,84.50,84.50,84.50,,-0.21
02.10.2018,84.68,84.68,84.68,84.68,,0.58
01.10.2018,84.19,84.19,84.19,84.19,,2.58
28.09.2018,82.07,82.07,82.07,82.07,,1.46
27.09.2018,80.89,80.89,80.89,80.89,,-0.41
26.09.2018,81.22,81.22,81.22,81.22,,-0.42
25.09.2018,81.56,81.56,81.56,81.56,,1.65
24.09.2018,80.24,80.24,80.24,80.24,,1.76
21.09.2018,78.85,78.85,78.85,78.85,,-0.14
20.09.2018,78.96,78.96,78.96,78.96,,-0.53
19.09.2018,79.38,79.38,79.38,79.38,,0.23
18.09.2018,79.20,79.20,79.20,79.20,,1.32
17.09.2018,78.17,78.17,78.17,78.17,,0.84
14.09.2018,77.52,77.52,77.52,77.52,,0.40
13.09.2018,77.21,77.21,77.21,77.21,,-2.97
12.09.2018,79.57,79.57,79.57,79.57,,2.31
11.09.2018,77.77,77.77,77.77,77.77,,1.17
10.09.2018,76.87,76.87,76.87,76.87,,1.61
07.09.2018,75.65,75.65,75.65,75.65,,-0.16
06.09.2018,75.77,75.77,75.77,75.77,,-1.32
05.09.2018,76.78,76.78,76.78,76.78,,-1.07
04.09.2018,77.61,77.61,77.61,77.61,,-0.39
03.09.2018,77.91,77.91,77.91,77.91,,1.33
31.08.2018,76.89,76.89,76.89,76.89,,-0.14
30.08.2018,77.00,77.00,77.00,77.00,,1.91
29.08.2018,75.56,75.56,75.56,75.56,,-0.26
28.08.2018,75.76,75.76,75.76,75.76,,3.20
24.08.2018,73.41,73.41,73.41,73.41,,1.56
23.08.2018,72.28,72.28,72.28,72.28,,1.08
22.08.2018,71.51,71.51,71.51,71.51,,1.87
21.08.2018,70.20,70.20,70.20,70.20,,0.78
20.08.2018,69.66,69.66,69.66,69.66,,1.41
17.08.2018,68.69,68.69,68.69,68.69,,1.37
16.08.2018,67.76,67.76,67.76,67.76,,1.24
15.08.2018,66.93,66.93,66.93,66.93,,-3.45
14.08.2018,69.32,69.32,69.32,69.32,,0.22
13.08.2018,69.17,69.17,69.17,69.17,,-0.55
10.08.2018,69.55,69.55,69.55,69.55,,0.65
09.08.2018,69.10,69.10,69.10,69.10,,-0.23
08.08.2018,69.26,69.26,69.26,69.26,,-2.26
07.08.2018,70.86,70.86,70.86,70.86,,-0.28
06.08.2018,71.06,71.06,71.06,71.06,,-0.03
03.08.2018,71.08,71.08,71.08,71.08,,-0.66
02.08.2018,71.55,71.55,71.55,71.55,,0.95
01.08.2018,70.88,70.88,70.88,70.88,,-2.58
31.07.2018,72.76,72.76,72.76,72.76,,-1.13
30.07.2018,73.59,73.59,73.59,73.59,,0.27
27.07.2018,73.39,73.39,73.39,73.39,,0.45
26.07.2018,73.06,73.06,73.06,73.06,,1.16
25.07.2018,72.22,72.22,72.22,72.22,,0.19
24.07.2018,72.08,72.08,72.08,72.08,,0.18
23.07.2018,71.95,71.95,71.95,71.95,,2.07
20.07.2018,70.49,70.49,70.49,70.49,,0.14
19.07.2018,70.39,70.39,70.39,70.39,,2.06
18.07.2018,68.97,68.97,68.97,68.97,,-0.50
17.07.2018,69.32,69.32,69.32,69.32,,-0.23
16.07.2018,69.48,69.48,69.48,69.48,,-4.24
13.07.2018,72.56,72.56,72.56,72.56,,2.83
12.07.2018,70.56,70.56,70.56,70.56,,-4.39